id,first_name,last_name,email,gender,address,age,product
0,Claudio,Presman,cpresman0@sina.com.cn,Male,49741 Stone Corner Trail,30,Free
1,Merralee,Ridewood,mridewood1@creativecommons.org,Female,2 Maple Terrace,35,Free
2,Silvio,Warrender,swarrender2@sbwire.com,Male,55742 Burning Wood Parkway,36,Free
3,Rosene,Dorro,rdorro3@cdbaby.com,Female,472 Bluejay Center,29,Paid
4,Erica,De Freyne,edefreyne4@tripadvisor.com,Female,7 Corben Circle,28,Paid
5,Dov,Beetham,dbeetham5@diigo.com,Male,7826 Corry Center,48,Paid
6,Philip,Baseke,pbaseke6@wsj.com,Male,47142 Transport Plaza,22,Free
7,Gertie,Umbert,gumbert7@va.gov,Female,7 Cordelia Drive,23,Free
8,Joeann,Pickerin,jpickerin8@europa.eu,Female,4 Acker Terrace,51,Free
9,Kristofor,Matkin,kmatkin9@homestead.com,Male,75 Schurz Drive,35,Free
10,Ragnar,Edgcombe,redgcombea@amazon.co.uk,Male,6 Cordelia Hill,26,Free
11,Kylie,Galbraeth,kgalbraethb@umn.edu,Male,02 Memorial Circle,23,Paid
12,Alexine,Storck,astorckc@theguardian.com,Female,78704 Lyons Alley,35,Free
13,Katey,Barrand,kbarrandd@blog.com,Female,5 Manley Circle,59,Paid
14,Fredi,Andreoletti,fandreolettie@livejournal.com,Female,43 Mosinee Center,56,Paid
15,Elsinore,Tolumello,etolumellof@istockphoto.com,Female,1 Bonner Circle,35,Paid
16,Luise,Steers,lsteersg@posterous.com,Female,0 Little Fleur Crossing,49,Paid
17,Martin,Reoch,mreochh@amazonaws.com,Male,2613 Carey Lane,58,Paid
18,Tailor,Everill,teverilli@house.gov,Male,1 Lakewood Drive,24,Free
19,Alain,Roubottom,aroubottomj@hatena.ne.jp,Male,542 Rigney Center,20,Paid
20,Shalna,Mercik,smercikk@mtv.com,Female,9 Erie Junction,47,Paid
21,Rikki,Jiracek,rjiracekl@accuweather.com,Male,8 Kedzie Pass,53,Paid
22,Raimundo,Wardlow,rwardlowm@narod.ru,Male,7 Veith Parkway,32,Paid
23,Leena,Skillett,lskillettn@google.com.br,Female,4049 Westerfield Pass,47,Paid
24,Corby,Chicchetto,cchicchettoo@cornell.edu,Male,26384 Northfield Point,57,Paid
25,Lorie,Squibb,lsquibbp@umich.edu,Female,33 Bluestem Point,55,Paid
26,Mozelle,Dockwra,mdockwraq@economist.com,Female,0 Burrows Road,57,Free
27,Robby,Whetnall,rwhetnallr@umich.edu,Female,7623 Northland Parkway,24,Paid
28,Avivah,Huffey,ahuffeys@scientificamerican.com,Female,692 Scott Point,59,Paid
29,Sinclare,Domaschke,sdomaschket@hexun.com,Male,4506 Loeprich Hill,52,Free
30,Wilton,Vanichkov,wvanichkovu@chicagotribune.com,Male,0 Hollow Ridge Way,52,Paid
31,Ethan,Hatherley,ehatherleyv@photobucket.com,Male,01 Northridge Plaza,35,Paid
32,Candace,Rappa,crappaw@hubpages.com,Female,4730 Continental Terrace,25,Free
33,Betteann,Antoszczyk,bantoszczykx@netvibes.com,Female,96609 Prairieview Avenue,33,Paid
34,Sallie,Hartless,shartlessy@utexas.edu,Female,7580 Nelson Junction,29,Free
35,Quinlan,Brookson,qbrooksonz@last.fm,Male,1 6th Park,33,Free
36,Eldridge,Tallowin,etallowin10@uiuc.edu,Male,327 Paget Place,41,Free
37,Hedda,Isakovic,hisakovic11@t-online.de,Female,0480 Chive Point,54,Paid
38,Elena,Brunner,ebrunner12@theguardian.com,Female,0 Village Green Avenue,41,Free
39,Javier,Falconer,jfalconer13@devhub.com,Male,1767 Heath Drive,22,Free
40,Cly,Sherry,csherry14@moonfruit.com,Male,9 Mayer Circle,29,Free
41,Dru,Sherbrook,dsherbrook15@hc360.com,Male,00274 Kedzie Park,38,Free
42,Ken,Byard,kbyard16@google.es,Male,63 Iowa Pass,22,Free
43,Zondra,Simo,zsimo17@tinyurl.com,Female,82734 Melvin Street,39,Free
44,Emili,Angrock,eangrock18@tinypic.com,Female,362 Melrose Trail,29,Paid
45,Kyrstin,Frith,kfrith19@hatena.ne.jp,Female,0274 Brown Street,38,Free
46,Marlin,Boylan,mboylan1a@edublogs.org,Male,2 Orin Drive,38,Free
47,Jennee,Bibb,jbibb1b@amazon.com,Female,8 Hoffman Way,41,Free
48,Neale,Wilde,nwilde1c@addthis.com,Male,7552 Grayhawk Alley,54,Free
49,Walker,Withur,wwithur1d@illinois.edu,Male,270 Dovetail Pass,36,Paid
50,Devina,Eynald,deynald1e@webs.com,Female,7280 Dayton Road,58,Paid
51,Clywd,Wheaton,cwheaton1f@ebay.com,Male,474 Grasskamp Lane,23,Paid
52,Leena,Stocken,lstocken1g@wunderground.com,Female,221 Redwing Place,32,Free
53,Valida,Pinsent,vpinsent1h@123-reg.co.uk,Female,27325 Crescent Oaks Lane,31,Paid
54,Roseann,Sandeford,rsandeford1i@alibaba.com,Female,5107 Grayhawk Terrace,41,Paid
55,Jerad,Stefanovic,jstefanovic1j@ning.com,Male,5 Schiller Lane,42,Free
56,Kinna,Binder,kbinder1k@rambler.ru,Female,23004 Macpherson Center,36,Paid
57,Wolfie,McTrustrie,wmctrustrie1l@xrea.com,Male,7 Prairie Rose Park,40,Paid
58,Will,Ousley,wousley1m@businessweek.com,Male,98 Clove Plaza,53,Free
59,Gallard,McEniry,gmceniry1n@guardian.co.uk,Male,779 Graedel Lane,41,Free
60,Jone,Danielut,jdanielut1o@storify.com,Male,2 Drewry Plaza,55,Free
61,Thomasina,Shearer,tshearer1p@dailymotion.com,Female,559 Raven Crossing,22,Free
62,Wells,Danniell,wdanniell1q@about.com,Male,2 Corscot Junction,58,Paid
63,Malinde,Janowicz,mjanowicz1r@google.ca,Female,697 Dorton Trail,32,Free
64,Margot,Kinney,mkinney1s@163.com,Female,32135 Kim Circle,53,Free
65,Jamie,Twidell,jtwidell1t@squarespace.com,Female,36 Russell Circle,26,Paid
66,Annabela,Dufore,adufore1u@hp.com,Female,33 Dixon Circle,45,Paid
67,Galen,Parres,gparres1v@nymag.com,Male,37716 Kingsford Trail,58,Free
68,Hillel,Robker,hrobker1w@gravatar.com,Male,74 Jay Place,49,Paid
69,Bay,Bearsmore,bbearsmore1x@usda.gov,Male,99403 Logan Trail,56,Free
70,Trueman,Minors,tminors1y@stanford.edu,Male,083 Pawling Park,52,Paid
71,Anabella,Glitherow,aglitherow1z@nhs.uk,Female,08256 Waubesa Court,46,Paid
72,Adey,Rraundl,arraundl20@naver.com,Female,31933 Springs Pass,58,Free
73,Page,Runcie,pruncie21@slideshare.net,Female,8202 Burning Wood Pass,49,Free
74,Giulia,Simonetti,gsimonetti22@netvibes.com,Female,40989 Hudson Plaza,28,Paid
75,Inglebert,Haymes,ihaymes23@statcounter.com,Male,98547 Brickson Park Center,41,Paid
76,Rosmunda,Tipperton,rtipperton24@icio.us,Female,8158 Nova Plaza,54,Paid
77,Gabriele,Bowser,gbowser25@go.com,Male,687 Shopko Place,39,Paid
78,Ransom,Stitt,rstitt26@cloudflare.com,Male,05880 Stone Corner Terrace,49,Free
79,Michel,Schrieves,mschrieves27@sohu.com,Female,5 Dovetail Park,38,Free
80,Jamison,Roblin,jroblin28@freewebs.com,Male,66955 Roxbury Street,20,Free
81,Homere,Blowfield,hblowfield29@plala.or.jp,Male,9519 Springs Avenue,31,Free
82,Cathrin,Casewell,ccasewell2a@histats.com,Female,8 Surrey Way,40,Free
83,Fayina,Pidgley,fpidgley2b@addtoany.com,Female,1 Fair Oaks Lane,40,Free
84,Sascha,Slocket,sslocket2c@sbwire.com,Male,2 Thackeray Park,50,Free
85,Cindy,Lumber,clumber2d@rambler.ru,Female,5807 Blackbird Avenue,26,Free
86,Kitty,Catley,kcatley2e@networksolutions.com,Female,20 High Crossing Plaza,53,Paid
87,Noelani,Dymocke,ndymocke2f@skyrock.com,Female,9050 Huxley Parkway,29,Free
88,Leila,Kahan,lkahan2g@tripadvisor.com,Female,52 Golden Leaf Drive,42,Paid
89,Ewart,Lovick,elovick2h@usa.gov,Male,6261 Chinook Court,44,Free
90,Toby,Van den Oord,tvandenoord2i@bloglines.com,Male,1 Nancy Street,37,Free
91,Norine,Phelan,nphelan2j@amazon.co.uk,Female,44139 Summerview Pass,54,Paid
92,Tadio,Attac,tattac2k@reuters.com,Male,80 Cascade Pass,20,Free
93,Gonzalo,Fillan,gfillan2l@google.co.uk,Male,3920 Leroy Trail,52,Paid
94,Freddie,Aron,faron2m@netvibes.com,Female,830 Dexter Court,46,Free
95,Kore,Pappi,kpappi2n@businessinsider.com,Female,361 Canary Junction,26,Free
96,Adele,Janaway,ajanaway2o@biblegateway.com,Female,3230 Evergreen Road,56,Paid
97,Phillipe,Akett,pakett2p@parallels.com,Male,424 Delaware Plaza,38,Free
98,Reggy,Garter,rgarter2q@miibeian.gov.cn,Male,75019 Clemons Point,24,Free
99,Aristotle,Inglish,ainglish2r@ed.gov,Male,7 Badeau Street,25,Free
100,Gisella,Hullock,ghullock2s@shop-pro.jp,Female,9566 Manufacturers Point,54,Free
101,Marja,Kaesmans,mkaesmans2t@youtube.com,Female,56737 Cardinal Center,58,Free
102,Kala,Crichmer,kcrichmer2u@vinaora.com,Female,18951 Burrows Junction,31,Paid
103,Diannne,Brundle,dbrundle2v@e-recht24.de,Female,53132 Roth Pass,41,Free
104,Chrissy,McConigal,cmcconigal2w@theguardian.com,Female,1 Meadow Ridge Street,36,Paid
105,Sile,Smalman,ssmalman2x@blogspot.com,Female,0 Brickson Park Terrace,53,Paid
106,Kristian,Tanswill,ktanswill2y@cocolog-nifty.com,Male,830 Donald Place,56,Free
107,Uriah,Boyet,uboyet2z@comcast.net,Male,74 Independence Center,41,Free
108,Jacky,Cullrford,jcullrford30@wordpress.org,Female,8390 North Lane,27,Free
109,Pansie,Toppes,ptoppes31@360.cn,Female,460 Calypso Parkway,39,Free
110,Cecelia,Glassup,cglassup32@rediff.com,Female,8 Spenser Court,54,Paid
111,Cody,Tolomelli,ctolomelli33@sourceforge.net,Male,6 Melody Park,22,Free
112,Julianna,Oene,joene34@paginegialle.it,Female,46650 Ryan Terrace,55,Free
113,Con,Sheavills,csheavills35@toplist.cz,Male,487 Scott Court,34,Paid
114,Faith,Kosel,fkosel36@yahoo.co.jp,Female,39043 Colorado Parkway,22,Paid
115,Cornell,Turri,cturri37@ezinearticles.com,Male,870 Stone Corner Parkway,30,Paid
116,Chandler,Broggetti,cbroggetti38@livejournal.com,Male,88622 Arkansas Avenue,37,Free
117,Audry,Wilcot,awilcot39@bigcartel.com,Female,47133 Carey Place,47,Free
118,Idalia,Kramer,ikramer3a@google.de,Female,72512 Scofield Plaza,60,Paid
119,Jenna,Barsham,jbarsham3b@scribd.com,Female,27 American Parkway,55,Free
120,Hestia,Merrien,hmerrien3c@vkontakte.ru,Female,189 Valley Edge Parkway,35,Paid
121,Kelcie,Klishin,kklishin3d@elpais.com,Female,142 Derek Center,50,Paid
122,Celene,Proudler,cproudler3e@sohu.com,Female,391 Calypso Court,25,Paid
123,Gleda,Tuny,gtuny3f@4shared.com,Female,4604 Pankratz Park,44,Free
124,Christy,Sivyour,csivyour3g@buzzfeed.com,Female,87 4th Plaza,60,Paid
125,Ellen,Speller,espeller3h@pagesperso-orange.fr,Female,933 Mockingbird Parkway,20,Paid
126,Bride,Abrashkov,babrashkov3i@goo.ne.jp,Female,2916 Washington Hill,24,Free
127,Erin,Parchment,eparchment3j@usatoday.com,Male,16429 Swallow Hill,34,Free
128,Celia,Skillanders,cskillanders3k@canalblog.com,Female,45 Clyde Gallagher Court,44,Free
129,Laure,Izakof,lizakof3l@cnn.com,Female,39 Elgar Hill,21,Paid
130,Lindy,Durham,ldurham3m@amazon.com,Male,493 Village Plaza,47,Paid
131,Ellis,Wheadon,ewheadon3n@comsenz.com,Male,78 American Ash Terrace,37,Paid
132,Toiboid,Surman-Wells,tsurmanwells3o@scribd.com,Male,8 Truax Pass,26,Free
133,Sofie,Schooling,sschooling3p@home.pl,Female,9 Thierer Center,23,Paid
134,Amandy,Ivery,aivery3q@fastcompany.com,Female,27 Merry Point,46,Free
135,Aileen,Leadstone,aleadstone3r@sakura.ne.jp,Female,6805 Atwood Park,49,Free
136,Fleming,Pringle,fpringle3s@gnu.org,Male,06 Maple Wood Crossing,23,Paid
137,Freddy,Mountford,fmountford3t@51.la,Female,2 Anzinger Court,51,Paid
138,Melvin,Kingsworth,mkingsworth3u@yahoo.com,Male,9851 Northview Trail,48,Paid
139,Merrile,Robus,mrobus3v@omniture.com,Female,7 Bluestem Circle,28,Paid
140,Euphemia,Jerams,ejerams3w@wufoo.com,Female,9 Corscot Court,55,Paid
141,Annabela,Hablet,ahablet3x@com.com,Female,7 Fulton Hill,40,Paid
142,Somerset,Tallman,stallman3y@cnet.com,Male,00339 Barby Street,59,Paid
143,Delaney,Airs,dairs3z@wired.com,Male,17 Glendale Way,39,Free
144,Koralle,Ducarne,kducarne40@google.es,Female,4184 Anthes Plaza,45,Free
145,Kacie,Trim,ktrim41@goo.ne.jp,Female,22731 Mendota Road,60,Free
146,Griffy,Gilleon,ggilleon42@alexa.com,Male,1 Kipling Trail,59,Free
147,Jeniffer,Shrimpton,jshrimpton43@t.co,Female,162 Everett Circle,45,Free
148,Milzie,MacAlester,mmacalester44@opensource.org,Female,0 Maple Way,31,Paid
149,Mortimer,Geibel,mgeibel45@boston.com,Male,6 Lyons Crossing,25,Paid
150,Archambault,Banat,abanat46@hao123.com,Male,462 Mcbride Avenue,32,Free
151,Immanuel,Kernocke,ikernocke47@shinystat.com,Male,518 Melvin Street,58,Free
152,Karine,Laycock,klaycock48@smugmug.com,Female,8 Hooker Crossing,37,Paid
153,Leonard,Heaker,lheaker49@rediff.com,Male,0 Sage Park,50,Free
154,Welsh,Symones,wsymones4a@de.vu,Male,35 Victoria Park,56,Free
155,Starla,Majury,smajury4b@dot.gov,Female,919 Heath Court,51,Free
156,Clement,Olekhov,colekhov4c@addtoany.com,Male,00 Vermont Pass,27,Paid
157,Kimmy,McKane,kmckane4d@surveymonkey.com,Female,70 Fairfield Junction,25,Free
158,Kristina,Astling,kastling4e@cbc.ca,Female,34194 Autumn Leaf Crossing,30,Free
159,Starla,Skpsey,sskpsey4f@pbs.org,Female,3792 Holy Cross Crossing,45,Paid
160,Poul,Tash,ptash4g@mayoclinic.com,Male,30 Blaine Alley,28,Free
161,Alden,Christofol,achristofol4h@cdc.gov,Male,14591 Rockefeller Road,28,Free
162,Walton,Chessill,wchessill4i@com.com,Male,000 Fulton Lane,23,Free
163,Ludwig,Patriche,lpatriche4j@arstechnica.com,Male,1 Continental Place,41,Free
164,Georgy,Hartzogs,ghartzogs4k@bing.com,Male,4656 Spenser Park,34,Free
165,Donelle,Drance,ddrance4l@stanford.edu,Female,4020 Carberry Point,39,Paid
166,Huberto,Lukes,hlukes4m@umich.edu,Male,5914 Mifflin Alley,38,Paid
167,Arie,Skain,askain4n@pinterest.com,Male,7355 Clarendon Parkway,44,Free
168,Jacinthe,Maplestone,jmaplestone4o@twitter.com,Female,31208 Reinke Park,24,Free
169,Selena,Cheak,scheak4p@etsy.com,Female,33751 Meadow Valley Street,42,Paid
170,Wandie,Thomasson,wthomasson4q@biblegateway.com,Female,11 Maryland Junction,48,Paid
171,Jefferey,Dabnot,jdabnot4r@google.es,Male,2 Maryland Alley,39,Free
172,Karlan,Ferrant,kferrant4s@liveinternet.ru,Male,74 Armistice Hill,38,Paid
173,Erich,Ennor,eennor4t@spiegel.de,Male,555 Montana Alley,51,Free
174,Hashim,Thomazet,hthomazet4u@epa.gov,Male,77 Florence Pass,20,Free
175,Weston,Sandys,wsandys4v@yellowbook.com,Male,87521 Farmco Lane,53,Paid
176,Vachel,Wreight,vwreight4w@npr.org,Male,6 Di Loreto Crossing,49,Free
177,Witty,Druery,wdruery4x@sphinn.com,Male,0 Lindbergh Court,41,Free
178,Briggs,Semorad,bsemorad4y@jigsy.com,Male,744 Pepper Wood Hill,46,Free
179,Hillel,Alger,halger4z@prlog.org,Male,57 Independence Terrace,51,Paid
180,Rennie,Lempertz,rlempertz50@soundcloud.com,Female,94435 Fairview Street,41,Free
181,Etty,Rainville,erainville51@creativecommons.org,Female,66 Meadow Vale Center,37,Free
182,Ewell,Phillipson,ephillipson52@tamu.edu,Male,4 Merry Avenue,58,Free
183,Carroll,Bow,cbow53@tinypic.com,Male,2 Armistice Junction,59,Paid
184,Fletcher,Maskall,fmaskall54@ibm.com,Male,0 American Center,60,Free
185,Felicia,Blindermann,fblindermann55@cbslocal.com,Female,1709 Barby Crossing,28,Paid
186,Sarine,Scartifield,sscartifield56@multiply.com,Female,65 Green Ridge Trail,37,Paid
187,Marcella,Torfin,mtorfin57@who.int,Female,25 Buena Vista Road,55,Paid
188,Quillan,Ferryn,qferryn58@4shared.com,Male,95576 Maple Wood Drive,35,Free
189,Clifford,Bentz,cbentz59@arstechnica.com,Male,271 Fairfield Court,22,Paid
190,Noellyn,Dowderswell,ndowderswell5a@theglobeandmail.com,Female,272 Knutson Terrace,32,Paid
191,Cassondra,Oven,coven5b@jimdo.com,Female,7824 Bobwhite Point,44,Free
192,Jedd,Bool,jbool5c@bloglines.com,Male,506 Sullivan Alley,46,Free
193,Erhart,Message,emessage5d@gizmodo.com,Male,4143 Magdeline Center,29,Paid
194,Elbertina,Davoren,edavoren5e@artisteer.com,Female,64 Park Meadow Street,60,Paid
195,Davy,Tytler,dtytler5f@vkontakte.ru,Male,4892 Beilfuss Circle,56,Paid
196,Martin,Duiguid,mduiguid5g@ca.gov,Male,8955 Hallows Way,48,Paid
197,Antons,Leist,aleist5h@etsy.com,Male,51422 Dahle Way,30,Free
198,Merilyn,Golborne,mgolborne5i@biblegateway.com,Female,67 Shopko Avenue,47,Free
199,Reider,Dobrovolski,rdobrovolski5j@dropbox.com,Male,8 Tennessee Plaza,40,Free
200,Pren,Pottle,ppottle5k@army.mil,Male,6411 Ramsey Center,34,Free
201,Rockwell,Harron,rharron5l@eventbrite.com,Male,95670 Ridgeview Parkway,23,Free
202,Rosemaria,Hankinson,rhankinson5m@gravatar.com,Female,0 Debra Way,23,Paid
203,Shep,Houten,shouten5n@amazon.com,Male,58 Transport Drive,35,Free
204,Blair,Treece,btreece5o@cargocollective.com,Female,1085 Gateway Point,49,Free
205,Dianna,Macak,dmacak5p@diigo.com,Female,382 Stephen Plaza,39,Paid
206,Bradly,Harcombe,bharcombe5q@bizjournals.com,Male,88890 Melrose Junction,42,Free
207,Lynna,Revitt,lrevitt5r@digg.com,Female,722 Lighthouse Bay Drive,25,Paid
208,Cos,Faire,cfaire5s@yellowpages.com,Male,3 Londonderry Avenue,26,Paid
209,Mata,Draijer,mdraijer5t@howstuffworks.com,Male,73521 Debs Court,58,Free
210,Bondie,Blaisdell,bblaisdell5u@archive.org,Male,9287 Carey Road,34,Free
211,Joanne,Madgett,jmadgett5v@deviantart.com,Female,99459 Darwin Center,60,Free
212,Rodge,Duigan,rduigan5w@imdb.com,Male,2 Fallview Avenue,49,Free
213,Kennie,Garrals,kgarrals5x@i2i.jp,Male,053 Cottonwood Junction,45,Free
214,Laird,Duguid,lduguid5y@europa.eu,Male,86586 Brentwood Parkway,38,Free
215,Kaleena,Blythe,kblythe5z@cafepress.com,Female,085 Bluejay Terrace,57,Free
216,Minette,Stone,mstone60@engadget.com,Female,32 Lukken Place,31,Free
217,Morley,Joskowitz,mjoskowitz61@sfgate.com,Male,67 Fulton Terrace,39,Paid
218,Tulley,Reinhard,treinhard62@addtoany.com,Male,780 Spenser Hill,58,Free
219,Beniamino,Iceton,biceton63@skyrock.com,Male,1714 Pepper Wood Road,53,Free
220,Opal,Camoys,ocamoys64@privacy.gov.au,Female,4339 Express Road,44,Paid
221,Addia,Loftie,aloftie65@wsj.com,Female,81548 Elka Circle,54,Free
222,Ursola,Runchman,urunchman66@amazon.co.jp,Female,9871 Hintze Center,46,Paid
223,Peder,Emnoney,pemnoney67@tinyurl.com,Male,1 Scoville Parkway,29,Paid
224,Ced,Reinard,creinard68@creativecommons.org,Male,61139 Bowman Crossing,38,Free
225,Bobby,Rusted,brusted69@google.com.hk,Female,185 Clyde Gallagher Court,23,Free
226,Willetta,Millbank,wmillbank6a@wiley.com,Female,0277 Memorial Hill,45,Paid
227,Dorelle,Warstall,dwarstall6b@marriott.com,Female,977 Lyons Court,57,Paid
228,Arnaldo,Davidman,adavidman6c@theguardian.com,Male,1459 Crownhardt Park,32,Free
229,Marcus,Crocket,mcrocket6d@stanford.edu,Male,3 Anniversary Point,21,Free
230,Romeo,Ayliff,rayliff6e@eventbrite.com,Male,2805 Cody Park,46,Free
231,Englebert,Draijer,edraijer6f@youtu.be,Male,79 Dwight Point,25,Free
232,Claudell,Kingsley,ckingsley6g@altervista.org,Male,6 Tennyson Center,24,Paid
233,Hope,Winger,hwinger6h@google.fr,Female,0 Kropf Crossing,48,Free
234,Amil,Ganforth,aganforth6i@amazon.com,Female,6276 Porter Lane,21,Paid
235,Linnea,Munroe,lmunroe6j@google.nl,Female,6 Anthes Plaza,39,Free
236,Mariele,Obee,mobee6k@discovery.com,Female,23988 Granby Crossing,53,Free
237,Frederick,Cutriss,fcutriss6l@newyorker.com,Male,7152 Jana Alley,48,Free
238,Meghann,Dee,mdee6m@geocities.jp,Female,02 Division Trail,58,Free
239,Jaquith,Everington,jeverington6n@patch.com,Female,37092 Old Shore Pass,47,Paid
240,Arnie,Jubb,ajubb6o@google.ca,Male,51203 Sachs Junction,44,Free
241,Caterina,Ianiello,cianiello6p@google.com.br,Female,91121 Bashford Street,53,Paid
242,Todd,Ceschini,tceschini6q@eventbrite.com,Male,4 Straubel Circle,34,Free
243,Lamond,McKniely,lmckniely6r@twitpic.com,Male,06 1st Terrace,34,Free
244,Gerrilee,Edelheit,gedelheit6s@wikia.com,Female,10337 Buhler Drive,39,Paid
245,Cherilynn,Lattimer,clattimer6t@nature.com,Female,0 Briar Crest Street,31,Paid
246,Giacopo,Calam,gcalam6u@topsy.com,Male,16 Brickson Park Pass,34,Free
247,Viva,Brettel,vbrettel6v@netlog.com,Female,4238 Anderson Way,40,Free
248,Bear,Beinke,bbeinke6w@yandex.ru,Male,7 Warbler Center,40,Free
249,Min,Rawlcliffe,mrawlcliffe6x@wsj.com,Female,2 Mitchell Point,32,Paid
250,Clyve,Piborn,cpiborn6y@friendfeed.com,Male,01130 Buena Vista Circle,33,Free
251,Eada,Alleway,ealleway6z@netscape.com,Female,4201 Hagan Trail,44,Paid
252,Kaitlynn,Treweke,ktreweke70@berkeley.edu,Female,93343 Summit Crossing,34,Paid
253,Vinnie,Lammert,vlammert71@amazon.com,Male,6 Aberg Center,25,Free
254,Sandie,Woodyear,swoodyear72@123-reg.co.uk,Female,20 Londonderry Parkway,42,Free
255,Elvira,Khan,ekhan73@hatena.ne.jp,Female,08 Kennedy Trail,25,Paid
256,Tobit,Klimushev,tklimushev74@noaa.gov,Male,9 Colorado Center,56,Free
257,Irwin,Solman,isolman75@mapquest.com,Male,1796 3rd Center,45,Free
258,Jarid,Giotto,jgiotto76@vimeo.com,Male,3886 Harbort Place,33,Paid
259,Bucky,Gianotti,bgianotti77@jugem.jp,Male,17 Sutherland Pass,44,Free
260,Darnall,Leisman,dleisman78@angelfire.com,Male,1732 Crowley Crossing,41,Free
261,Thorndike,Knowles,tknowles79@blogspot.com,Male,90208 Barby Circle,21,Free
262,Gardie,Dowsey,gdowsey7a@thetimes.co.uk,Male,54682 New Castle Trail,22,Paid
263,Kennan,Bellini,kbellini7b@berkeley.edu,Male,094 Walton Center,25,Free
264,Vlad,Rozea,vrozea7c@spotify.com,Male,24 Mayer Hill,51,Free
265,Cole,Reede,creede7d@hostgator.com,Male,539 Nova Parkway,25,Free
266,Jose,Tomasz,jtomasz7e@tamu.edu,Male,2021 Summit Parkway,36,Free
267,Jacinthe,Gress,jgress7f@barnesandnoble.com,Female,76383 North Hill,38,Free
268,Nanni,Bleue,nbleue7g@ed.gov,Female,01 Gateway Court,42,Free
269,Wilden,Beeble,wbeeble7h@si.edu,Male,7 New Castle Point,25,Paid
270,Nicki,Elden,nelden7i@constantcontact.com,Female,9 Manley Center,45,Free
271,Ephrem,Spurman,espurman7j@wufoo.com,Male,69 Towne Place,28,Free
272,Cob,Karsh,ckarsh7k@purevolume.com,Male,57401 Lake View Circle,24,Paid
273,Ty,Willmetts,twillmetts7l@newsvine.com,Male,9600 Kinsman Drive,42,Paid
274,Margarette,Barnsdale,mbarnsdale7m@plala.or.jp,Female,340 Ramsey Lane,42,Paid
275,Pris,Dallicoat,pdallicoat7n@arstechnica.com,Female,993 Calypso Junction,51,Free
276,Saundra,Jaycocks,sjaycocks7o@themeforest.net,Female,80 1st Parkway,29,Paid
277,Town,Lanbertoni,tlanbertoni7p@sitemeter.com,Male,26036 Browning Hill,38,Paid
278,Isa,Kettlewell,ikettlewell7q@java.com,Male,4669 Westend Terrace,31,Free
279,Viole,Andreu,vandreu7r@ehow.com,Female,149 Arizona Way,31,Free
280,Murvyn,Stacey,mstacey7s@arstechnica.com,Male,57590 Shasta Junction,53,Paid
281,Tomas,Lorden,tlorden7t@wsj.com,Male,709 Gerald Pass,57,Paid
282,Leoine,Woffinden,lwoffinden7u@cocolog-nifty.com,Female,661 Nobel Lane,27,Paid
283,Godfree,Busch,gbusch7v@opera.com,Male,391 Shasta Lane,53,Free
284,Albert,Astley,aastley7w@aol.com,Male,0 Gulseth Crossing,60,Paid
285,Juieta,Esser,jesser7x@ycombinator.com,Female,07 Dwight Crossing,26,Free
286,Edsel,Hopkins,ehopkins7y@reuters.com,Male,789 Dahle Road,23,Free
287,Daisey,MacPaik,dmacpaik7z@friendfeed.com,Female,947 Oneill Court,26,Free
288,Nevil,Carik,ncarik80@t.co,Male,40903 Buell Center,32,Paid
289,Belinda,Baudins,bbaudins81@ted.com,Female,3 Buell Crossing,54,Paid
290,Birgitta,Caroll,bcaroll82@squidoo.com,Female,294 Kropf Circle,33,Paid
291,Slade,Penbarthy,spenbarthy83@guardian.co.uk,Male,8 Continental Point,27,Free
292,Stormy,Commin,scommin84@github.com,Female,10822 Anzinger Parkway,45,Free
293,Jonell,Minchinton,jminchinton85@blogger.com,Female,92505 Crownhardt Parkway,49,Paid
294,Cindra,Riepel,criepel86@google.ru,Female,01 Sheridan Park,32,Paid
295,Bald,MacCracken,bmaccracken87@auda.org.au,Male,667 Cordelia Drive,29,Free
296,Ferd,Lehrmann,flehrmann88@census.gov,Male,8 Vermont Place,29,Free
297,Henrietta,Martyntsev,hmartyntsev89@oracle.com,Female,243 Derek Lane,41,Free
298,Alex,Janicek,ajanicek8a@networksolutions.com,Male,83245 Thackeray Way,59,Free
299,Wheeler,Eyam,weyam8b@wsj.com,Male,6 Ridgeview Street,56,Paid
300,Beltran,MacGaughy,bmacgaughy8c@sbwire.com,Male,712 Village Pass,48,Free
301,Henrietta,Moncreiff,hmoncreiff8d@dot.gov,Female,6978 Elmside Point,53,Paid
302,Aprilette,Mellanby,amellanby8e@gov.uk,Female,536 Loomis Avenue,28,Free
303,Micaela,Bartoloma,mbartoloma8f@hc360.com,Female,83 Ridgeview Park,25,Paid
304,Herman,Brummell,hbrummell8g@about.com,Male,897 Clove Center,55,Paid
305,Kenny,Normanville,knormanville8h@cornell.edu,Male,263 Lerdahl Center,25,Paid
306,Chalmers,Schubert,cschubert8i@hud.gov,Male,35 Derek Point,26,Paid
307,Kathryn,Krzyzowski,kkrzyzowski8j@google.pl,Female,94 Paget Street,55,Paid
308,Tammie,Macvain,tmacvain8k@themeforest.net,Male,68519 Butterfield Center,43,Paid
309,Flori,Scrogges,fscrogges8l@exblog.jp,Female,11543 Hallows Road,35,Free
310,Melvyn,Gabrieli,mgabrieli8m@merriam-webster.com,Male,80367 Hanover Plaza,31,Free
311,Joete,Thorlby,jthorlby8n@craigslist.org,Female,84 Mendota Pass,51,Paid
312,Lynnet,Gosnold,lgosnold8o@tripod.com,Female,99430 Sutherland Point,23,Free
313,Martina,Stebbing,mstebbing8p@bizjournals.com,Female,56 Milwaukee Way,28,Paid
314,Romain,Teasey,rteasey8q@mozilla.com,Male,932 Burning Wood Avenue,30,Free
315,Vern,Huelin,vhuelin8r@myspace.com,Male,724 Kensington Hill,32,Paid
316,Kate,Beviss,kbeviss8s@stanford.edu,Female,840 Crescent Oaks Way,55,Paid
317,Rudiger,Jurasek,rjurasek8t@unesco.org,Male,05 Erie Hill,39,Paid
318,Torey,Josskovitz,tjosskovitz8u@omniture.com,Female,162 Steensland Avenue,28,Paid
319,Maddy,Oganesian,moganesian8v@mail.ru,Male,09 Bultman Alley,46,Free
320,Orelee,Zecchetti,ozecchetti8w@taobao.com,Female,52878 Clyde Gallagher Junction,45,Paid
321,Milena,Ferrers,mferrers8x@pcworld.com,Female,3087 Toban Center,38,Free
322,Tades,MacRanald,tmacranald8y@ustream.tv,Male,5493 Golf Street,58,Paid
323,Kennith,Phillcock,kphillcock8z@ning.com,Male,54635 Sachs Place,25,Free
324,Kimbra,Hansel,khansel90@cbslocal.com,Female,94591 Bluejay Pass,33,Free
325,Thane,Speariett,tspeariett91@telegraph.co.uk,Male,927 Mosinee Pass,37,Free
326,Wilfrid,Caldes,wcaldes92@wikispaces.com,Male,1 Hollow Ridge Plaza,42,Free
327,Florri,Bendell,fbendell93@drupal.org,Female,1 Meadow Ridge Junction,54,Paid
328,Joan,Callery,jcallery94@topsy.com,Female,39885 Northridge Plaza,39,Paid
329,Monti,Dancer,mdancer95@shutterfly.com,Male,590 Little Fleur Court,41,Paid
330,Fred,Jowett,fjowett96@paypal.com,Female,93 Delaware Lane,24,Free
331,Kirsti,Donneely,kdonneely97@intel.com,Female,220 Forster Drive,56,Free
332,Cal,Barling,cbarling98@sciencedirect.com,Male,112 Kenwood Hill,40,Free
333,Cointon,Ventham,cventham99@webeden.co.uk,Male,858 Red Cloud Road,24,Paid
334,Hedda,Stansbury,hstansbury9a@census.gov,Female,60148 Continental Trail,24,Paid
335,Gabe,Sloper,gsloper9b@tumblr.com,Male,07 Di Loreto Circle,35,Free
336,Gunar,Helix,ghelix9c@jugem.jp,Male,2679 Killdeer Center,41,Free
337,Leda,Gaynes,lgaynes9d@domainmarket.com,Female,84399 Mitchell Park,20,Paid
338,Reese,Graundisson,rgraundisson9e@nymag.com,Male,8401 Sage Avenue,24,Free
339,Tomasina,McClaren,tmcclaren9f@loc.gov,Female,4 Fulton Pass,48,Paid
340,Karolina,Pimm,kpimm9g@mashable.com,Female,156 Westridge Pass,46,Paid
341,Roda,Eke,reke9h@mediafire.com,Female,8620 Ruskin Street,31,Paid
342,Mallorie,Saxton,msaxton9i@cpanel.net,Female,7 Schurz Court,44,Free
343,Dasie,Murton,dmurton9j@japanpost.jp,Female,58 Warrior Point,36,Paid
344,Parrnell,Borborough,pborborough9k@tripod.com,Male,4 1st Park,52,Free
345,Linell,Kershaw,lkershaw9l@jimdo.com,Female,238 Melody Way,51,Free
346,Baudoin,Corssen,bcorssen9m@mediafire.com,Male,85802 Lunder Court,27,Free
347,Vi,Linder,vlinder9n@canalblog.com,Female,28 Becker Junction,32,Paid
348,Humbert,Pickwell,hpickwell9o@dagondesign.com,Male,26 Valley Edge Pass,51,Free
349,Celesta,Musk,cmusk9p@ucoz.ru,Female,37382 Grim Avenue,38,Paid
350,Binni,Bigham,bbigham9q@studiopress.com,Female,846 Debra Pass,23,Paid
351,Delbert,Toner,dtoner9r@go.com,Male,1724 Oriole Place,26,Paid
352,Alessandro,Cacacie,acacacie9s@patch.com,Male,4 Katie Way,24,Free
353,Nico,Hempshall,nhempshall9t@paypal.com,Male,3 Gale Trail,28,Paid
354,Aylmar,Fernie,afernie9u@dedecms.com,Male,32549 Kedzie Terrace,21,Free
355,Addi,Vannacci,avannacci9v@cisco.com,Female,83 Hermina Avenue,23,Paid
356,Mufi,Catherall,mcatherall9w@whitehouse.gov,Female,32 Hermina Trail,32,Paid
357,Rogers,Tie,rtie9x@altervista.org,Male,38 Carey Circle,45,Paid
358,Camala,Cuttler,ccuttler9y@seesaa.net,Female,4 Erie Road,43,Paid
359,Scarface,Done,sdone9z@abc.net.au,Male,39 Dorton Way,44,Free
360,Moreen,Darleston,mdarlestona0@xrea.com,Female,12 Fairview Plaza,54,Free
361,Kristal,Margerrison,kmargerrisona1@clickbank.net,Female,087 Banding Hill,59,Paid
362,Marj,McKue,mmckuea2@photobucket.com,Female,76 Fairfield Road,23,Paid
363,Leela,Plunket,lplunketa3@wordpress.org,Female,057 Everett Terrace,53,Paid
364,Krisha,Biggin,kbiggina4@hugedomains.com,Male,09 American Ash Alley,49,Free
365,Ainslie,McKeand,amckeanda5@fda.gov,Female,6313 Holy Cross Parkway,41,Free
366,Ogdon,Klaff,oklaffa6@utexas.edu,Male,7 Morningstar Park,44,Free
367,Quint,Foad,qfoada7@tripadvisor.com,Male,61 Gulseth Drive,58,Paid
368,Liane,Gandar,lgandara8@google.nl,Female,211 Mockingbird Alley,42,Paid
369,Cybil,Gingedale,cgingedalea9@howstuffworks.com,Female,55093 Pearson Parkway,51,Paid
370,Hakeem,Renfrew,hrenfrewaa@amazon.de,Male,9859 Shasta Road,47,Free
371,Rayner,Mordin,rmordinab@multiply.com,Male,4 Farragut Avenue,36,Free
372,Cissiee,Chiddy,cchiddyac@drupal.org,Female,853 Mifflin Hill,24,Paid
373,Ashien,Somes,asomesad@earthlink.net,Female,5494 Carberry Court,20,Free
374,Fania,McCowen,fmccowenae@odnoklassniki.ru,Female,4 Del Mar Hill,35,Paid
375,Uta,Luckings,uluckingsaf@goo.gl,Female,9347 Comanche Lane,48,Paid
376,Ara,Litchfield,alitchfieldag@businessweek.com,Male,78 Carberry Hill,30,Paid
377,Geneva,Minkin,gminkinah@instagram.com,Female,545 Loftsgordon Parkway,60,Free
378,Lucius,Atwill,latwillai@tinyurl.com,Male,56393 Carey Way,28,Free
379,Denys,Bourget,dbourgetaj@wikispaces.com,Female,3614 Graceland Plaza,41,Paid
380,Devan,Welldrake,dwelldrakeak@skyrock.com,Female,36 North Way,37,Free
381,Lonna,Sesser,lsesseral@paginegialle.it,Female,1 Dakota Way,49,Paid
382,Elbertina,Radeliffe,eradeliffeam@quantcast.com,Female,9 Armistice Lane,52,Paid
383,Zachary,Frearson,zfrearsonan@bizjournals.com,Male,1645 Maple Wood Street,55,Free
384,Alfie,Bewsey,abewseyao@furl.net,Male,1 Vahlen Terrace,29,Free
385,Brandea,Wasylkiewicz,bwasylkiewiczap@guardian.co.uk,Female,11 American Ash Park,30,Paid
386,Oneida,Birk,obirkaq@multiply.com,Female,762 Dayton Hill,29,Paid
387,Ingamar,Dohrmann,idohrmannar@salon.com,Male,9941 Erie Center,57,Paid
388,Camellia,Josephi,cjosephias@dion.ne.jp,Female,1853 Fieldstone Point,57,Free
389,Blinnie,Tittershill,btittershillat@sogou.com,Female,2 Merrick Hill,32,Free
390,Cyril,Franscioni,cfranscioniau@patch.com,Male,92883 La Follette Court,20,Paid
391,Ernesto,Sowerbutts,esowerbuttsav@pbs.org,Male,830 Carberry Junction,51,Free
392,Patrizius,Scholl,pschollaw@delicious.com,Male,1803 Meadow Vale Pass,38,Paid
393,Shoshana,Brocklesby,sbrocklesbyax@sourceforge.net,Female,84615 Hansons Place,41,Paid
394,Kinny,Shorbrook,kshorbrookay@wikispaces.com,Male,1854 Reindahl Center,27,Free
395,Jackelyn,Martinho,jmartinhoaz@topsy.com,Female,04 Westend Alley,32,Paid
396,Simeon,McTeer,smcteerb0@umn.edu,Male,734 Bluejay Hill,29,Paid
397,Carmen,Dearell,cdearellb1@people.com.cn,Female,8 Esker Hill,54,Paid
398,Karlen,Eyres,keyresb2@economist.com,Female,87115 Bunting Avenue,28,Paid
399,Ber,Conway,bconwayb3@japanpost.jp,Male,2 Springview Road,59,Free
400,Anton,Tower,atowerb4@lycos.com,Male,22377 Manufacturers Trail,42,Free
401,Consolata,Yearne,cyearneb5@independent.co.uk,Female,53 Hoffman Court,38,Free
402,Kellen,Leaming,kleamingb6@unicef.org,Male,81 Bonner Park,42,Paid
403,Morgan,Messingham,mmessinghamb7@cloudflare.com,Male,9 Meadow Valley Parkway,22,Paid
404,Elnora,Hinge,ehingeb8@constantcontact.com,Female,47 Hooker Park,48,Free
405,Ella,Jee,ejeeb9@weebly.com,Female,32 Upham Place,21,Paid
406,Estella,Rehm,erehmba@goodreads.com,Female,6069 Crescent Oaks Parkway,35,Paid
407,Samuele,Dybald,sdybaldbb@arstechnica.com,Male,180 Dakota Parkway,28,Paid
408,Felecia,De Robertis,fderobertisbc@ycombinator.com,Female,79502 Fisk Trail,57,Paid
409,Port,Salmen,psalmenbd@jigsy.com,Male,1622 Morningstar Drive,27,Free
410,Olivier,Maddicks,omaddicksbe@sakura.ne.jp,Male,9869 Truax Road,47,Paid
411,Zak,McQuarrie,zmcquarriebf@qq.com,Male,55854 Independence Plaza,35,Free
412,Nicola,Spinella,nspinellabg@globo.com,Female,6 Jenifer Center,60,Free
413,Freda,Molloy,fmolloybh@rediff.com,Female,5715 Schlimgen Way,53,Free
414,Hadrian,Karlolczak,hkarlolczakbi@deviantart.com,Male,7 Nevada Court,20,Free
415,Brynn,Sicely,bsicelybj@topsy.com,Female,6 Boyd Place,49,Free
416,Ozzie,Plaxton,oplaxtonbk@mozilla.org,Male,7 Dapin Crossing,40,Paid
417,Martica,McGrowther,mmcgrowtherbl@privacy.gov.au,Female,166 Lillian Circle,48,Free
418,Joya,Yellowlees,jyellowleesbm@si.edu,Female,5 Everett Center,27,Paid
419,Lanie,Jeanes,ljeanesbn@networkadvertising.org,Male,9100 Petterle Pass,48,Paid
420,Josias,Fogt,jfogtbo@icq.com,Male,51405 Mendota Center,21,Free
421,Jayson,Hammon,jhammonbp@quantcast.com,Male,463 Schiller Alley,44,Free
422,Nat,Dradey,ndradeybq@businesswire.com,Female,765 Vera Avenue,33,Free
423,Tonie,Ambroziak,tambroziakbr@china.com.cn,Female,30 Johnson Circle,42,Free
424,Melessa,Brittain,mbrittainbs@chron.com,Female,57477 Esch Plaza,48,Free
425,Arabel,Hesser,ahesserbt@salon.com,Female,29413 Warbler Lane,31,Paid
426,Elnore,McQuie,emcquiebu@tripadvisor.com,Female,45809 Washington Court,48,Paid
427,Ulla,Alenichev,ualenichevbv@mlb.com,Female,7461 Declaration Alley,38,Paid
428,Gillian,Attewill,gattewillbw@mysql.com,Female,422 Hanson Road,20,Paid
429,Dolly,Leinster,dleinsterbx@trellian.com,Female,94920 Ridgeview Junction,30,Free
430,Nicola,Crosen,ncrosenby@thetimes.co.uk,Male,16 Northridge Crossing,34,Free
431,Gaby,Stenner,gstennerbz@craigslist.org,Male,66704 Fremont Pass,40,Free
432,Calida,Shmyr,cshmyrc0@eventbrite.com,Female,0 Everett Road,51,Paid
433,Ody,Batte,obattec1@bloomberg.com,Male,403 Elmside Center,30,Free
434,Mathew,Romme,mrommec2@webmd.com,Male,3445 Di Loreto Junction,28,Paid
435,Kaye,Garlic,kgarlicc3@ucoz.ru,Female,1446 North Street,39,Paid
436,Maud,Samarth,msamarthc4@creativecommons.org,Female,2 Milwaukee Road,36,Free
437,Lorelle,Hegges,lheggesc5@who.int,Female,2711 Colorado Pass,36,Paid
438,Lodovico,Childerhouse,lchilderhousec6@about.com,Male,00 Mayer Way,36,Free
439,Krysta,Redbourn,kredbournc7@wordpress.org,Female,347 Grover Road,35,Paid
440,Filip,Roseburgh,froseburghc8@mediafire.com,Male,9998 Ridge Oak Crossing,21,Free
441,Danyette,Haliday,dhalidayc9@so-net.ne.jp,Female,36 Westend Center,31,Free
442,Laney,Ambrosio,ldambrosioca@1und1.de,Male,5257 Raven Road,39,Paid
443,Em,Duffus,eduffuscb@wikimedia.org,Female,91 Pepper Wood Pass,27,Paid
444,Justus,Kenryd,jkenrydcc@so-net.ne.jp,Male,2 American Ash Crossing,27,Free
445,Marlow,Welford,mwelfordcd@miibeian.gov.cn,Male,7 Kedzie Road,45,Free
446,Vern,Ashwin,vashwince@ovh.net,Male,3188 Schlimgen Way,32,Free
447,Bryce,Rumbold,brumboldcf@mayoclinic.com,Male,0756 Pepper Wood Plaza,24,Free
448,Aurore,Cubbinelli,acubbinellicg@oracle.com,Female,7162 Hovde Park,45,Paid
449,Alfonso,Dumphries,adumphriesch@amazon.de,Male,56643 Ridgeway Alley,37,Free
450,Dorri,Heater,dheaterci@a8.net,Female,7 Blaine Court,24,Free
451,Worthy,Everly,weverlycj@printfriendly.com,Male,07 Main Alley,53,Free
452,Lou,Dexter,ldexterck@geocities.com,Female,11826 Fuller Street,39,Free
453,Raymond,Tawse,rtawsecl@time.com,Male,0964 Rieder Court,37,Paid
454,Emerson,Crewes,ecrewescm@taobao.com,Male,3 Meadow Vale Street,39,Free
455,Sanson,Winger,swingercn@toplist.cz,Male,0 Moose Pass,37,Free
456,Johannah,Stubbe,jstubbeco@blog.com,Female,0060 Vahlen Trail,21,Free
457,Lyndsie,Dailey,ldaileycp@canalblog.com,Female,26 Dottie Avenue,39,Paid
458,Loren,Syres,lsyrescq@loc.gov,Female,94985 Oak Valley Circle,56,Free
459,Saw,Cargon,scargoncr@gravatar.com,Male,14520 Melby Alley,36,Free
460,Laurella,Ipsley,lipsleycs@addtoany.com,Female,080 Northview Circle,55,Paid
461,Devland,Turbefield,dturbefieldct@bizjournals.com,Male,90525 Hovde Parkway,41,Free
462,Dael,Kinze,dkinzecu@sina.com.cn,Female,1866 Morningstar Hill,43,Paid
463,Felizio,Wohlers,fwohlerscv@pinterest.com,Male,08 Jenna Hill,22,Free
464,Stanly,Matthewman,smatthewmancw@dmoz.org,Male,23574 Delladonna Center,29,Paid
465,Theodosia,Duplan,tduplancx@ibm.com,Female,5 Continental Parkway,56,Paid
466,Belia,Gomersal,bgomersalcy@ucla.edu,Female,617 Mifflin Parkway,29,Paid
467,Berri,Scotchbrook,bscotchbrookcz@bandcamp.com,Female,0 Vidon Place,60,Free
468,Lincoln,Kryska,lkryskad0@businessweek.com,Male,6 Sutherland Lane,54,Paid
469,Lolly,Cream,lcreamd1@cyberchimps.com,Female,74177 Eagle Crest Circle,41,Paid
470,Cash,Winn,cwinnd2@economist.com,Male,7684 Kingsford Park,24,Paid
471,Hill,Sanbroke,hsanbroked3@washington.edu,Male,23248 Anniversary Street,57,Free
472,Town,McGibbon,tmcgibbond4@loc.gov,Male,093 Buell Parkway,23,Free
473,Mady,Pallant,mpallantd5@gnu.org,Female,94733 Clove Parkway,60,Paid
474,Claudine,Jakubovsky,cjakubovskyd6@sun.com,Female,37073 Esker Trail,35,Paid
475,Georgeanne,Adamowicz,gadamowiczd7@cyberchimps.com,Female,26050 Calypso Crossing,56,Paid
476,Silvester,Canedo,scanedod8@biglobe.ne.jp,Male,6192 Anniversary Place,21,Free
477,Patrizio,Le Guin,pleguind9@aol.com,Male,79 Manufacturers Junction,25,Free
478,Sheela,Savory,ssavoryda@cisco.com,Female,8903 Eliot Terrace,53,Paid
479,Lorilee,Ollivier,lollivierdb@chronoengine.com,Female,31673 Springs Way,23,Paid
480,Walther,Sporton,wsportondc@example.com,Male,673 Nancy Park,59,Free
481,Elana,Raithby,eraithbydd@sina.com.cn,Female,68 Eastwood Terrace,59,Free
482,Hans,Maine,hmainede@guardian.co.uk,Male,948 Thackeray Alley,21,Free
483,Trstram,Grigoriscu,tgrigoriscudf@biblegateway.com,Male,3 Debs Circle,26,Free
484,Sonny,Grenshiels,sgrenshielsdg@bing.com,Female,09596 Farwell Plaza,40,Free
485,Kerianne,Dayment,kdaymentdh@earthlink.net,Female,2237 Doe Crossing Hill,32,Paid
486,Anissa,Cicculini,acicculinidi@state.gov,Female,49 Sutherland Parkway,33,Paid
487,Orsola,Foot,ofootdj@phoca.cz,Female,9 Morningstar Point,58,Free
488,Faythe,Shelf,fshelfdk@comcast.net,Female,2 Prairieview Pass,53,Free
489,Suzi,Jerrome,sjerromedl@lycos.com,Female,139 Prairieview Pass,40,Free
490,Stanleigh,Lockney,slockneydm@furl.net,Male,067 Barnett Center,20,Free
491,Konrad,Benoiton,kbenoitondn@webmd.com,Male,1 Boyd Hill,34,Free
492,Shayne,Menezes,smenezesdo@census.gov,Male,0 Marcy Trail,29,Free
493,Ariella,Hedingham,ahedinghamdp@prweb.com,Female,7 Moulton Pass,46,Paid
494,Fidela,Rapp,frappdq@exblog.jp,Female,74 Charing Cross Hill,23,Paid
495,Tomaso,Keysel,tkeyseldr@liveinternet.ru,Male,5 Kennedy Plaza,51,Free
496,Emmy,Scollain,eoscollainds@umn.edu,Male,4369 Erie Circle,28,Paid
497,Alic,Fielly,aofiellydt@theatlantic.com,Male,63916 Fisk Center,40,Paid
498,Brandi,Sherebrook,bsherebrookdu@theatlantic.com,Female,14 Anhalt Way,21,Free
499,Lazare,Saulter,lsaulterdv@java.com,Male,14885 Mosinee Parkway,55,Free
500,Lanny,Ascroft,lascroftdw@ustream.tv,Female,7 Dennis Street,35,Free
501,Mae,Leonardi,mleonardidx@columbia.edu,Female,0895 Rowland Court,50,Free
502,Myrta,Hardinge,mhardingedy@free.fr,Female,064 Sage Parkway,31,Free
503,Inness,Sushams,isushamsdz@businessinsider.com,Male,9560 Summerview Junction,23,Free
504,Hedvig,Di Giacomettino,hdigiacomettinoe0@netscape.com,Female,0 Maywood Junction,44,Paid
505,Leland,Bernardes,lbernardese1@lycos.com,Male,4 Onsgard Center,21,Free
506,Chris,Arndtsen,carndtsene2@comsenz.com,Male,72713 Donald Plaza,22,Free
507,Claudie,Skechley,cskechleye3@creativecommons.org,Female,5 Tomscot Trail,46,Free
508,Ches,Dinzey,cdinzeye4@feedburner.com,Male,1428 Acker Center,48,Free
509,Cris,Garrod,cgarrode5@usa.gov,Female,79837 Macpherson Drive,44,Free
510,Leandra,Wilds,lwildse6@newyorker.com,Female,36829 Randy Lane,23,Free
511,Beverly,Graveson,bgravesone7@bbc.co.uk,Female,2670 Sherman Junction,25,Paid
512,Charmine,Warmisham,cwarmishame8@addtoany.com,Female,4188 Monument Road,34,Free
513,Klement,Rounce,krouncee9@comcast.net,Male,96 Maple Park,33,Free
514,Shayla,Costin,scostinea@seattletimes.com,Female,44676 Scofield Avenue,22,Paid
515,Gustav,Wealthall,gwealthalleb@canalblog.com,Male,43 Fisk Junction,52,Free
516,Deanne,Claris,dclarisec@alexa.com,Female,8137 Sheridan Point,60,Paid
517,Bevvy,Etteridge,betteridgeed@dmoz.org,Female,6936 Kinsman Terrace,26,Paid
518,Idalina,Dunk,idunkee@ftc.gov,Female,9 Dakota Junction,50,Free
519,Bond,Le Grove,blegroveef@jimdo.com,Male,01 Loftsgordon Crossing,30,Paid
520,Tadd,Calafate,tcalafateeg@census.gov,Male,5 Bobwhite Circle,36,Free
521,Rhona,Rowcliffe,rrowcliffeeh@xinhuanet.com,Female,027 Crowley Pass,31,Paid
522,Karlyn,Wittering,kwitteringei@newyorker.com,Female,5 Moland Crossing,43,Free
523,Nicol,Sangwine,nsangwineej@springer.com,Female,0 3rd Parkway,57,Free
524,Dolley,Neeson,dneesonek@pagesperso-orange.fr,Female,465 Village Green Hill,60,Paid
525,Maria,Nanni,mnanniel@smugmug.com,Female,6005 Rockefeller Park,21,Free
526,Vittoria,Craigheid,vcraigheidem@amazon.co.jp,Female,01977 Anderson Plaza,43,Paid
527,Angus,Brollachain,aobrollachainen@tripadvisor.com,Male,7 Bunting Avenue,49,Free
528,Blakelee,Lipprose,blipproseeo@purevolume.com,Female,81 Manitowish Court,33,Paid
529,Yettie,Cometti,ycomettiep@ox.ac.uk,Female,73 Farragut Trail,24,Paid
530,Morgan,Larver,mlarvereq@noaa.gov,Female,1 Nancy Plaza,25,Paid
531,Archambault,Melmoth,amelmother@toplist.cz,Male,174 Banding Park,29,Free
532,Leslie,Yarrell,lyarrelles@paginegialle.it,Female,0 Debra Pass,29,Free
533,Fraze,Garatty,fgarattyet@economist.com,Male,8 Emmet Alley,56,Free
534,Boniface,Hardway,bhardwayeu@oaic.gov.au,Male,0654 Old Gate Trail,59,Free
535,Shanan,Feye,sfeyeev@imageshack.us,Male,63 Marquette Junction,42,Paid
536,Giorgi,Lissemore,glissemoreew@google.com.hk,Male,38510 Old Gate Plaza,20,Paid
537,Gilberto,Baillie,gbaillieex@columbia.edu,Male,238 Sachs Center,21,Paid
538,Andriana,Edon,aedoney@dot.gov,Female,3 Sloan Lane,56,Paid
539,Jay,MacIver,jmaciverez@wordpress.org,Male,0 Carberry Point,51,Paid
540,Jdavie,Moorton,jmoortonf0@engadget.com,Male,9142 Myrtle Terrace,41,Free
541,Patrice,Brooks,pbrooksf1@squidoo.com,Male,467 Weeping Birch Place,46,Paid
542,Leisha,Brandham,lbrandhamf2@craigslist.org,Female,18457 Darwin Point,49,Paid
543,Gun,Da Costa,gdacostaf3@army.mil,Male,12687 Clemons Hill,41,Free
544,Rupert,Kinforth,rkinforthf4@walmart.com,Male,17 Independence Avenue,39,Free
545,Peyter,Wandrach,pwandrachf5@webs.com,Male,3874 Northland Crossing,51,Paid
546,Orelee,McIlvaney,omcilvaneyf6@canalblog.com,Female,6474 Monument Drive,43,Free
547,Heriberto,Ewols,hewolsf7@dropbox.com,Male,19101 Packers Avenue,23,Free
548,Eduardo,Aubrun,eaubrunf8@accuweather.com,Male,8 Sommers Road,28,Paid
549,Morten,Colquyte,mcolquytef9@youtu.be,Male,748 Lyons Court,46,Paid
550,Boyce,Collman,bcollmanfa@marriott.com,Male,0 Carioca Drive,21,Free
551,Artemis,Crier,acrierfb@bravesites.com,Male,0 Packers Road,26,Paid
552,Cos,Cann,ccannfc@seesaa.net,Male,143 Laurel Place,54,Free
553,Jareb,Crumb,jcrumbfd@amazon.co.uk,Male,05007 Manufacturers Circle,34,Paid
554,Corrina,Lillo,clillofe@weibo.com,Female,2 Graedel Hill,26,Paid
555,Kristien,Sigg,ksiggff@jigsy.com,Female,527 Sutteridge Pass,22,Free
556,Emmy,Matusiak,ematusiakfg@symantec.com,Male,80485 Starling Plaza,30,Free
557,Aubry,Westpfel,awestpfelfh@fc2.com,Female,48993 Pennsylvania Pass,47,Free
558,Lazar,Willeman,lwillemanfi@google.pl,Male,28 Redwing Road,59,Free
559,Kermit,Leckenby,kleckenbyfj@cmu.edu,Male,253 Starling Park,51,Free
560,Octavius,Schade,oschadefk@pcworld.com,Male,0 Bultman Drive,24,Paid
561,Eadith,Nehl,enehlfl@sphinn.com,Female,57 Stoughton Circle,36,Free
562,Skipton,Lismore,slismorefm@yolasite.com,Male,939 Sachs Parkway,37,Paid
563,Roarke,Ullyatt,rullyattfn@apache.org,Male,582 Erie Street,29,Paid
564,Abbey,Cawley,acawleyfo@w3.org,Female,3 Union Plaza,20,Free
565,Alfred,Lockhart,alockhartfp@dailymail.co.uk,Male,22503 Swallow Point,34,Paid
566,Lydon,Stourton,lstourtonfq@noaa.gov,Male,4555 Montana Point,42,Free
567,Diana,Nutty,dnuttyfr@wordpress.org,Female,03 Sloan Center,22,Free
568,Lacie,Deluze,ldeluzefs@bing.com,Female,74 Mayer Drive,59,Paid
569,Martguerita,Hay,mhayft@ted.com,Female,129 Rowland Center,31,Paid
570,Roderigo,Orknay,rorknayfu@ifeng.com,Male,4 Russell Terrace,37,Paid
571,Sybille,Dureden,sduredenfv@hubpages.com,Female,25181 Bay Trail,34,Free
572,Gregorius,Warsap,gwarsapfw@networkadvertising.org,Male,7 Cambridge Parkway,31,Free
573,Flint,Blowers,fblowersfx@ftc.gov,Male,9476 South Alley,40,Paid
574,Homere,Whye,hwhyefy@comcast.net,Male,4 New Castle Crossing,33,Free
575,Muhammad,Midgely,mmidgelyfz@whitehouse.gov,Male,215 Longview Plaza,35,Free
576,Richart,Hirth,rhirthg0@ucoz.ru,Male,731 Ronald Regan Crossing,43,Paid
577,Saunder,Etchingham,setchinghamg1@twitter.com,Male,5 Hauk Street,38,Free
578,Aline,Gate,agateg2@dropbox.com,Female,95 Elmside Hill,21,Free
579,Ermengarde,Hayden,ehaydeng3@skyrock.com,Female,8 Susan Center,39,Paid
580,Teador,Attew,tattewg4@hostgator.com,Male,06926 Browning Court,43,Free
581,Cordi,Choppen,cchoppeng5@nationalgeographic.com,Female,6 Loeprich Plaza,33,Paid
582,Norris,Feely,nfeelyg6@merriam-webster.com,Male,1425 Twin Pines Trail,32,Free
583,Vasily,Foynes,vfoynesg7@artisteer.com,Male,73 Hermina Junction,26,Paid
584,Gwen,Chasemore,gchasemoreg8@bluehost.com,Female,68 Sundown Parkway,28,Paid
585,Galina,Netherclift,gnethercliftg9@4shared.com,Female,35 Division Avenue,24,Free
586,Leshia,Ansty,lanstyga@economist.com,Female,677 Anhalt Avenue,47,Free
587,Cristiano,Verrills,cverrillsgb@msn.com,Male,798 Dakota Park,38,Paid
588,Emmott,Axleby,eaxlebygc@redcross.org,Male,8890 Bay Crossing,29,Free
589,Emmalynn,Chotty,echottygd@umich.edu,Female,38 Sutherland Street,38,Paid
590,Isabelita,Nursey,inurseyge@sohu.com,Female,489 Cascade Alley,60,Free
591,Quinta,Domini,qdominigf@oaic.gov.au,Female,72 Boyd Way,22,Paid
592,Erika,Bevir,ebevirgg@networksolutions.com,Female,9 Dapin Hill,43,Paid
593,Wallace,Karpeev,wkarpeevgh@springer.com,Male,3 Homewood Avenue,31,Paid
594,Zenia,Navein,znaveingi@dailymotion.com,Female,5 Northwestern Park,53,Free
595,Elliott,Kill,ekillgj@japanpost.jp,Male,03052 Monument Place,32,Free
596,Ameline,Hamberston,ahamberstongk@networksolutions.com,Female,237 Anniversary Crossing,21,Free
597,Belva,Shepton,bsheptongl@ameblo.jp,Female,75717 Service Road,28,Paid
598,Kayla,Dawidman,kdawidmangm@usda.gov,Female,471 Mayfield Avenue,41,Paid
599,Frederica,Claxson,fclaxsongn@mysql.com,Female,56572 Fisk Junction,32,Paid
600,Rossy,Minichi,rminichigo@yahoo.co.jp,Male,227 Atwood Road,45,Free
601,Cindelyn,Oseman,cosemangp@usatoday.com,Female,436 Butterfield Plaza,22,Paid
602,Lockwood,Mallinder,lmallindergq@washingtonpost.com,Male,42 Shelley Park,53,Free
603,Gretel,Draper,gdrapergr@ustream.tv,Female,51246 Mitchell Plaza,26,Free
604,Kay,Gallant,kgallantgs@usatoday.com,Female,94099 Elmside Road,41,Free
605,Douglas,Kydd,dkyddgt@over-blog.com,Male,71 Riverside Parkway,51,Paid
606,Holli,Pallasch,hpallaschgu@msu.edu,Female,1434 Union Junction,41,Paid
607,Creigh,Lannen,clannengv@mac.com,Male,32 Transport Junction,42,Free
608,Rodrique,Lambdon,rlambdongw@marriott.com,Male,8641 Dayton Court,56,Free
609,Aeriela,Woodham,awoodhamgx@sphinn.com,Female,407 Elka Avenue,55,Paid
610,Minni,Colkett,mcolkettgy@businessweek.com,Female,6 Veith Crossing,54,Paid
611,Leyla,Butcher,lbutchergz@vimeo.com,Female,9043 Brentwood Avenue,56,Free
612,Thaxter,Colquite,tcolquiteh0@economist.com,Male,433 Warbler Court,50,Free
613,Kellie,Castanos,kcastanosh1@blogger.com,Female,3 Bunting Court,29,Free
614,Mal,Iacovozzo,miacovozzoh2@japanpost.jp,Male,3968 Spaight Plaza,38,Free
615,Florance,Hodges,fhodgesh3@wp.com,Female,90734 Springs Point,60,Paid
616,Kin,Jina,kjinah4@springer.com,Male,95792 Jackson Drive,30,Free
617,Berk,Sail,bsailh5@army.mil,Male,91 Butterfield Drive,27,Paid
618,Irina,Gudge,igudgeh6@sfgate.com,Female,689 Hansons Junction,48,Free
619,Harlie,Wyles,hwylesh7@sun.com,Female,76334 Bluestem Junction,40,Paid
620,Gerrilee,Quinby,gquinbyh8@latimes.com,Female,5 Michigan Place,22,Paid
621,Margaretta,Candey,mcandeyh9@topsy.com,Female,7 Union Alley,37,Free
622,Ham,Delacroux,hdelacrouxha@ed.gov,Male,45 Little Fleur Parkway,46,Free
623,Luca,Cull,lcullhb@unc.edu,Male,5 5th Lane,38,Paid
624,Ashely,Full,afullhc@psu.edu,Female,6929 Logan Drive,35,Paid
625,Dewie,Row,drowhd@sakura.ne.jp,Male,85 Banding Hill,57,Free
626,Joyce,Lorey,jloreyhe@google.de,Female,72 Mcbride Junction,45,Paid
627,Mohandis,Duckerin,mduckerinhf@nsw.gov.au,Male,24282 Florence Street,52,Free
628,Adler,McMakin,amcmakinhg@bbc.co.uk,Male,207 Arkansas Lane,38,Paid
629,Powell,Esselen,pesselenhh@go.com,Male,5 Comanche Alley,28,Free
630,Marylou,Veldens,mveldenshi@squidoo.com,Female,53615 Lawn Place,33,Paid
631,Rowland,Waghorne,rwaghornehj@va.gov,Male,039 Meadow Ridge Road,52,Free
632,Joela,Clericoates,jclericoateshk@google.es,Female,3 Artisan Junction,56,Free
633,Zonda,Lindegard,zlindegardhl@foxnews.com,Female,9137 Basil Trail,58,Free
634,Yardley,Cosgra,yocosgrahm@sciencedaily.com,Male,59 Moulton Street,46,Paid
635,Stillman,Sansbury,ssansburyhn@ucoz.com,Male,9 Fallview Way,56,Free
636,Barb,Cano,bcanoho@wix.com,Female,3803 Sheridan Avenue,56,Paid
637,Rancell,Panther,rpantherhp@wordpress.org,Male,4 Forest Run Way,23,Paid
638,Ashli,Rugge,aruggehq@discovery.com,Female,69965 Union Hill,49,Paid
639,Quintilla,Gioan,qgioanhr@businessinsider.com,Female,33 Hansons Circle,34,Free
640,Jeffrey,Cooley,jcooleyhs@npr.org,Male,8 School Hill,33,Free
641,Shelba,Aronow,saronowht@parallels.com,Female,7720 Southridge Trail,46,Paid
642,Wendi,Hansie,whansiehu@sohu.com,Female,11767 Utah Hill,58,Paid
643,Tanitansy,Bignold,tbignoldhv@washington.edu,Female,73841 Anderson Road,51,Free
644,Rana,Philbin,rphilbinhw@imgur.com,Female,1460 Charing Cross Street,36,Paid
645,Samara,Hemeret,shemerethx@newyorker.com,Female,22453 Hudson Circle,33,Paid
646,Mellisent,Imeson,mimesonhy@kickstarter.com,Female,400 Kinsman Drive,28,Paid
647,Braden,Clougher,bclougherhz@163.com,Male,542 Judy Lane,55,Free
648,Agatha,Strelitzki,astrelitzkii0@patch.com,Female,80 Declaration Trail,31,Paid
649,Marijo,Fidele,mfidelei1@xing.com,Female,43906 Shelley Alley,50,Paid
650,Aubrette,Curran,acurrani2@miibeian.gov.cn,Female,76 Oxford Drive,35,Free
651,Odelle,Biers,obiersi3@youtu.be,Female,36824 Becker Way,53,Paid
652,Jamal,Bunce,jbuncei4@apache.org,Male,188 Heath Hill,54,Paid
653,Reese,Bhar,rbhari5@npr.org,Male,4 Burning Wood Court,25,Free
654,Valene,Piggot,vpiggoti6@scribd.com,Female,6 Melby Center,52,Paid
655,Franklin,Blyden,fblydeni7@sakura.ne.jp,Male,8548 Pennsylvania Court,53,Free
656,Minerva,Cape,mcapei8@webmd.com,Female,0016 Meadow Vale Alley,37,Paid
657,Janel,Eacle,jeaclei9@friendfeed.com,Female,1 Claremont Junction,24,Paid
658,Barnebas,De Meis,bdemeisia@macromedia.com,Male,67 Dottie Center,42,Paid
659,Spenser,Kasman,skasmanib@home.pl,Male,80000 Russell Trail,23,Free
660,Electra,Clyma,eclymaic@liveinternet.ru,Female,532 Ridgeway Crossing,60,Paid
661,Millard,Mohammad,mmohammadid@zdnet.com,Male,4 Sundown Hill,57,Paid
662,Farly,Hackworth,fhackworthie@t.co,Male,99 Graceland Circle,35,Paid
663,Liva,Rasper,lrasperif@baidu.com,Female,11707 Derek Street,32,Paid
664,Douglas,Littrell,dlittrellig@hao123.com,Male,484 Lake View Plaza,56,Paid
665,Janella,Kemwal,jkemwalih@imdb.com,Female,29630 Reinke Alley,60,Paid
666,Richard,Sealeaf,rsealeafii@github.io,Male,2895 Lunder Crossing,22,Free
667,Teriann,Horsell,thorsellij@phoca.cz,Female,27 Melvin Terrace,35,Free
668,Far,Shutle,fshutleik@edublogs.org,Male,02287 Bunker Hill Parkway,32,Free
669,Denni,Wrey,dwreyil@wix.com,Female,21 Elmside Terrace,43,Free
670,Margy,Ogilvie,mogilvieim@zimbio.com,Female,3199 Tomscot Drive,26,Free
671,Keir,Westbrook,kwestbrookin@stanford.edu,Male,26958 Muir Point,59,Free
672,Ariella,Desouza,adesouzaio@accuweather.com,Female,103 Hagan Junction,30,Free
673,Alard,Ianson,aiansonip@sina.com.cn,Male,484 Green Pass,36,Free
674,Jammie,Thunder,jthunderiq@salon.com,Female,67 School Trail,25,Paid
675,Corinne,Lorenc,clorencir@hc360.com,Female,7888 Prairieview Terrace,55,Paid
676,Quinlan,Millson,qmillsonis@geocities.jp,Male,88858 Hooker Avenue,34,Free
677,Pierson,Serjeant,pserjeantit@bandcamp.com,Male,0335 Jay Crossing,26,Free
678,Berton,Wannan,bwannaniu@a8.net,Male,860 Grasskamp Road,35,Free
679,Hubey,Keling,hkelingiv@ask.com,Male,1 Hudson Lane,38,Free
680,Angel,Hubbert,ahubbertiw@flavors.me,Male,4391 North Court,52,Free
681,Cesar,Domerc,cdomercix@reverbnation.com,Male,37 Hauk Circle,33,Free
682,Carlyle,Deddum,cdeddumiy@dell.com,Male,39 Delaware Point,29,Paid
683,Agneta,Bowdery,abowderyiz@reference.com,Female,51 Fairfield Hill,34,Free
684,Clareta,Crat,ccratj0@patch.com,Female,8459 Old Gate Road,37,Paid
685,Naoma,Lomasna,nlomasnaj1@umich.edu,Female,7777 Lerdahl Place,22,Paid
686,Norrie,Clemow,nclemowj2@fastcompany.com,Female,26322 Steensland Court,43,Free
687,Augustine,Blonden,ablondenj3@jimdo.com,Male,593 Scoville Center,51,Free
688,Leann,Keys,lkeysj4@va.gov,Female,4 Holy Cross Point,41,Free
689,Alecia,Philip,aphilipj5@macromedia.com,Female,07 Eastwood Park,34,Paid
690,Olympe,Wippermann,owippermannj6@dropbox.com,Female,229 Grim Way,23,Free
691,Deina,Baldi,dbaldij7@hexun.com,Female,82 Paget Drive,51,Paid
692,Bartel,Fetteplace,bfetteplacej8@shinystat.com,Male,74 Talisman Drive,26,Free
693,Alasdair,Robardley,arobardleyj9@usgs.gov,Male,60 Express Parkway,50,Free
694,Nealon,Strevens,nstrevensja@addtoany.com,Male,21226 Elka Circle,36,Free
695,Karrie,Robbert,krobbertjb@joomla.org,Female,76533 Hazelcrest Hill,34,Paid
696,Lisabeth,Klink,lklinkjc@dagondesign.com,Female,83 Redwing Road,43,Free
697,Gilberte,Whittall,gwhittalljd@xrea.com,Female,393 Park Meadow Court,56,Free
698,Casandra,Peverell,cpeverellje@state.gov,Female,8 Clemons Junction,22,Paid
699,Jean,Antliff,jantliffjf@google.es,Male,29590 Clarendon Point,32,Free
700,Dana,Streak,dstreakjg@freewebs.com,Female,34447 Declaration Parkway,39,Paid
701,Culver,Lagden,clagdenjh@skype.com,Male,54 Stuart Lane,31,Free
702,Selene,Dyment,sdymentji@cocolog-nifty.com,Female,899 Cherokee Center,49,Free
703,Blane,Rumble,brumblejj@netscape.com,Male,39980 Ridgeview Trail,40,Free
704,Baird,Andreopolos,bandreopolosjk@miitbeian.gov.cn,Male,7381 Laurel Trail,24,Paid
705,Tobias,Garnsworth,tgarnsworthjl@wikimedia.org,Male,3 Merry Crossing,59,Free
706,Sasha,Phythean,sphytheanjm@friendfeed.com,Male,7128 Rowland Way,42,Paid
707,Porter,Lonsdale,plonsdalejn@imageshack.us,Male,9728 Reinke Place,51,Free
708,Thaddeus,Spilsted,tspilstedjo@nifty.com,Male,0229 Goodland Center,26,Paid
709,Silvie,Shiels,sshielsjp@tinyurl.com,Female,55243 Calypso Terrace,21,Paid
710,Nananne,Geraldez,ngeraldezjq@rambler.ru,Female,5 Sycamore Trail,45,Paid
711,Siobhan,Draycott,sdraycottjr@google.ru,Female,28828 Rigney Alley,53,Free
712,Leanna,Studart,lstudartjs@google.com.au,Female,85470 Kingsford Road,27,Paid
713,Norry,Taunton.,ntauntonjt@thetimes.co.uk,Male,66222 Westport Court,50,Free
714,Everard,Blum,eblumju@bbc.co.uk,Male,845 Westridge Lane,29,Paid
715,Eloisa,Braniff,ebraniffjv@yellowbook.com,Female,77 Lukken Avenue,27,Free
716,Grayce,Ickovic,gickovicjw@fda.gov,Female,819 Mcguire Road,21,Paid
717,Flossi,Hayto,fhaytojx@google.cn,Female,5 Sundown Hill,51,Paid
718,Jamil,Lintott,jlintottjy@youtube.com,Male,5 Eagle Crest Road,39,Free
719,Tiler,Trollope,ttrollopejz@prweb.com,Male,1065 Dawn Plaza,44,Paid
720,Rhett,Heyns,rheynsk0@com.com,Male,8398 Clarendon Parkway,45,Free
721,Esme,Swinnard,eswinnardk1@miibeian.gov.cn,Female,74 Dexter Crossing,60,Paid
722,Karoly,Jewar,kjewark2@t-online.de,Female,1130 Dunning Hill,35,Paid
723,Rona,Bramelt,rbrameltk3@goo.gl,Female,24845 Columbus Court,20,Paid
724,Ashlee,Connichie,aconnichiek4@bing.com,Female,8 Packers Place,39,Paid
725,Tamas,Draycott,tdraycottk5@myspace.com,Male,9 Quincy Crossing,47,Free
726,Cob,Sakins,csakinsk6@edublogs.org,Male,346 Buena Vista Point,42,Free
727,Taryn,Onraet,tonraetk7@walmart.com,Female,1 Shelley Trail,30,Free
728,Tillie,Bosquet,tbosquetk8@theatlantic.com,Female,01860 Butternut Parkway,43,Free
729,Arturo,Braim,abraimk9@t-online.de,Male,55 Sullivan Alley,31,Paid
730,Beverlie,Harwell,bharwellka@globo.com,Female,8 Becker Lane,33,Paid
731,Nicolai,Broschke,nbroschkekb@state.tx.us,Male,88791 Manitowish Lane,44,Free
732,Kerr,Spilsbury,kspilsburykc@github.com,Male,0 4th Street,22,Free
733,Nessa,Hayland,nhaylandkd@nba.com,Female,01648 Towne Crossing,50,Free
734,Loren,Moff,lmoffke@answers.com,Male,989 Kenwood Alley,30,Free
735,Deny,Cripwell,dcripwellkf@illinois.edu,Female,8000 Southridge Drive,60,Paid
736,Julee,Hackinge,jhackingekg@usnews.com,Female,45 Cottonwood Street,55,Free
737,Shep,Rosettini,srosettinikh@examiner.com,Male,0 Pearson Trail,20,Paid
738,Berta,Carney,bocarneyki@unicef.org,Female,001 Mosinee Plaza,33,Free
739,Gertie,Spain,gspainkj@sohu.com,Female,84 Pepper Wood Circle,38,Free
740,Darsie,Busch,dbuschkk@jigsy.com,Female,194 Holmberg Center,27,Free
741,Sanderson,Sheilds,ssheildskl@ifeng.com,Male,96493 Quincy Lane,54,Free
742,Karoly,Ellerton,kellertonkm@unc.edu,Male,4061 Morning Center,34,Paid
743,Kaylee,Castellaccio,kcastellacciokn@state.gov,Female,062 Mallory Circle,52,Paid
744,Gayler,Borel,gborelko@economist.com,Male,93 Anzinger Lane,34,Free
745,Loralie,Vaudrey,lvaudreykp@myspace.com,Female,398 Gina Center,36,Free
746,Yasmin,Garret,ygarretkq@constantcontact.com,Female,626 Village Street,34,Paid
747,Stephana,Landall,slandallkr@arizona.edu,Female,1755 Clemons Plaza,47,Paid
748,Sergio,Iannello,siannelloks@paypal.com,Male,21062 Meadow Vale Court,42,Free
749,Coral,Wordsley,cwordsleykt@pinterest.com,Female,90947 Utah Center,60,Paid
750,Matias,Beric,mbericku@sohu.com,Male,189 Schlimgen Point,20,Free
751,Brittni,Hierro,bhierrokv@dedecms.com,Female,75148 Bowman Way,47,Paid
752,Hali,Knott,hknottkw@i2i.jp,Female,71458 Calypso Court,48,Paid
753,Cristie,Dickon,cdickonkx@twitpic.com,Female,5125 Charing Cross Lane,57,Paid
754,Robina,Duddin,rduddinky@seesaa.net,Female,48 Mitchell Center,53,Paid
755,Brynn,De-Ville,bdevillekz@clickbank.net,Female,46714 Charing Cross Circle,49,Paid
756,Valma,Tyndall,vtyndalll0@trellian.com,Female,87207 Hauk Road,57,Paid
757,Kelby,Bitchener,kbitchenerl1@aol.com,Male,2561 Melody Terrace,44,Paid
758,Kalinda,Sherrum,ksherruml2@blogspot.com,Female,16 Mallard Center,36,Free
759,Poul,Cotherill,pcotherilll3@dyndns.org,Male,843 Nancy Trail,22,Free
760,Trixie,Extil,textill4@mac.com,Female,5226 Anzinger Way,34,Free
761,Zitella,Copp,zcoppl5@wired.com,Female,7 Clove Lane,50,Free
762,Alvina,Fritter,afritterl6@google.es,Female,56 Sachtjen Street,31,Paid
763,Everett,Spiring,espiringl7@abc.net.au,Male,42 Golf Road,24,Paid
764,Zaria,Coombe,zcoombel8@homestead.com,Female,9 Mesta Center,40,Free
765,Taber,McGrey,tmcgreyl9@smugmug.com,Male,3 Hintze Terrace,50,Free
766,Trever,Luckcuck,tluckcuckla@ft.com,Male,64 Esker Court,45,Free
767,Susann,Gamble,sgamblelb@princeton.edu,Female,79 Barnett Avenue,31,Paid
768,Manya,Bastick,mbasticklc@sitemeter.com,Female,50713 Columbus Way,28,Paid
769,Mary,Matitiaho,mmatitiahold@craigslist.org,Female,8314 Tomscot Pass,60,Paid
770,Noe,Blinde,nblindele@cafepress.com,Male,0918 Dexter Way,51,Free
771,Cathie,Badman,cbadmanlf@patch.com,Female,78 Dixon Avenue,31,Paid
772,Marketa,Yewdale,myewdalelg@columbia.edu,Female,3 Vernon Court,45,Paid
773,Sheffield,Bucklee,sbuckleelh@unicef.org,Male,4 Holy Cross Center,52,Free
774,Dominic,Garms,dgarmsli@usda.gov,Male,791 Wayridge Parkway,46,Paid
775,Jeffrey,Kruschov,jkruschovlj@sohu.com,Male,4 Rigney Drive,33,Free
776,Keely,Glader,kgladerlk@usgs.gov,Female,44 Cascade Plaza,33,Paid
777,Delinda,MacAskie,dmacaskiell@twitpic.com,Female,27249 Oakridge Point,26,Paid
778,Daffi,Yesenev,dyesenevlm@github.com,Female,5107 Becker Center,49,Free
779,Leah,Sudlow,lsudlowln@berkeley.edu,Female,0922 Laurel Way,26,Paid
780,Asia,Sugar,asugarlo@lycos.com,Female,6834 Pierstorff Place,27,Free
781,Leanor,Reuben,lreubenlp@google.it,Female,976 Hagan Park,28,Free
782,Karol,Heersma,kheersmalq@forbes.com,Female,78853 Columbus Center,40,Paid
783,Bryon,Dubois,bduboislr@google.co.uk,Male,9 Lake View Circle,48,Free
784,Alvis,Spary,asparyls@clickbank.net,Male,85 Brentwood Point,50,Free
785,Marylinda,Leborgne,mleborgnelt@example.com,Female,984 Meadow Vale Terrace,35,Paid
786,Fae,Episcopi,flepiscopilu@theguardian.com,Female,6521 Waubesa Court,45,Paid
787,Porter,Meffin,pmeffinlv@imageshack.us,Male,8730 Wayridge Drive,54,Free
788,Clemmy,Traice,ctraicelw@ustream.tv,Female,672 Meadow Valley Avenue,44,Paid
789,Carolyne,Glentworth,cglentworthlx@biglobe.ne.jp,Female,56336 Fremont Crossing,30,Free
790,Vasili,Wogden,vwogdenly@mac.com,Male,852 Forster Street,43,Free
791,Nelie,Beart,nbeartlz@exblog.jp,Female,82820 Colorado Street,52,Paid
792,Riley,Juanico,rjuanicom0@craigslist.org,Male,1344 Victoria Way,57,Free
793,Brooke,Sworn,bswornm1@yellowbook.com,Male,2129 Reinke Junction,36,Paid
794,Clarinda,Stangoe,cstangoem2@mayoclinic.com,Female,04156 Nancy Crossing,26,Free
795,Chere,Costan,ccostanm3@hexun.com,Female,13877 Clemons Drive,53,Free
796,Helenka,Verbrugge,hverbruggem4@sogou.com,Female,8 Lunder Street,23,Paid
797,Rebekah,Cuddihy,rcuddihym5@cargocollective.com,Female,3495 Manitowish Way,31,Paid
798,Dorothea,Bailes,dbailesm6@de.vu,Female,98255 Arkansas Plaza,41,Free
799,Lettie,Hardingham,lhardinghamm7@usa.gov,Female,14 Carpenter Avenue,53,Free
800,Bjorn,Rudgerd,brudgerdm8@google.nl,Male,2 La Follette Circle,24,Free
801,Winthrop,Cassin,wcassinm9@tumblr.com,Male,31 Rieder Circle,53,Free
802,Ruprecht,Madner,rmadnerma@oracle.com,Male,6 Jana Point,55,Paid
803,Katina,Shoesmith,kshoesmithmb@arstechnica.com,Female,29981 Pond Center,58,Paid
804,Jess,Maggorini,jmaggorinimc@xing.com,Male,2628 Heffernan Way,56,Free
805,Eldon,Gotthard,egotthardmd@twitpic.com,Male,16019 Hermina Pass,27,Free
806,Emmalynne,Whittington,ewhittingtonme@xing.com,Female,62448 Claremont Junction,56,Paid
807,Cthrine,MacPike,cmacpikemf@blogger.com,Female,80 Northridge Avenue,23,Free
808,Farrah,Yong,fyongmg@hubpages.com,Female,589 Pond Point,36,Paid
809,Kikelia,Pasmore,kpasmoremh@icio.us,Female,8492 Muir Drive,28,Paid
810,Gilberto,Riccetti,griccettimi@psu.edu,Male,9837 Boyd Lane,44,Free
811,Bunni,Paradine,bparadinemj@jigsy.com,Female,19966 Pawling Trail,43,Paid
812,Boothe,Filyakov,bfilyakovmk@archive.org,Male,7479 Bartillon Alley,34,Paid
813,Jessey,Deverall,jdeverallml@edublogs.org,Male,14 Pankratz Hill,56,Free
814,Douglass,Cheake,dcheakemm@bbc.co.uk,Male,0828 Debs Road,26,Free
815,Natalina,Senett,nsenettmn@theglobeandmail.com,Female,16209 Lindbergh Alley,55,Paid
816,Cindie,Ackroyd,cackroydmo@ucoz.ru,Female,1612 Mariners Cove Park,42,Free
817,Yulma,Rault,yraultmp@vinaora.com,Male,41295 Village Green Center,59,Free
818,Waite,Oland,wolandmq@g.co,Male,1 Old Shore Trail,58,Free
819,Thedric,Trewman,ttrewmanmr@over-blog.com,Male,836 Grasskamp Lane,36,Free
820,Alis,Pointing,apointingms@exblog.jp,Female,37823 Lunder Street,23,Paid
821,Randolph,Robichon,rrobichonmt@usatoday.com,Male,66 Dottie Court,42,Free
822,Chic,Ouldcott,couldcottmu@ifeng.com,Male,72 Rieder Road,59,Free
823,Domingo,Dunston,ddunstonmv@craigslist.org,Male,773 Elka Alley,60,Free
824,Angelia,Cawthron,acawthronmw@gnu.org,Female,3715 Killdeer Street,36,Paid
825,Carleen,Carrodus,ccarrodusmx@mlb.com,Female,54 Loomis Trail,53,Paid
826,Yurik,Hitzke,yhitzkemy@is.gd,Male,1512 Mitchell Plaza,23,Free
827,Elianore,Esposita,eespositamz@loc.gov,Female,4610 Crowley Avenue,33,Paid
828,Shelby,Perin,sperinn0@com.com,Male,1676 Erie Hill,24,Paid
829,Lissy,Pigram,lpigramn1@technorati.com,Female,22 Derek Lane,22,Paid
830,Derrik,Patis,dpatisn2@google.ca,Male,1949 Scott Alley,23,Paid
831,Vidovic,Brian,vbriann3@jalbum.net,Male,00 Hudson Pass,34,Free
832,Petronella,Kinlock,pkinlockn4@oaic.gov.au,Female,45 Sullivan Parkway,32,Paid
833,Tedi,Philipsen,tphilipsenn5@paginegialle.it,Female,44 Basil Circle,59,Paid
834,Mortimer,Roddell,mroddelln6@umich.edu,Male,06232 Emmet Point,48,Free
835,Verne,Pettko,vpettkon7@unesco.org,Male,231 Marquette Trail,52,Free
836,Waly,Gaskill,wgaskilln8@tmall.com,Female,49 Kinsman Lane,34,Free
837,Ernest,Sotham,esothamn9@barnesandnoble.com,Male,3 Darwin Parkway,39,Free
838,Vally,Cleeve,vcleevena@wisc.edu,Female,811 Toban Place,43,Free
839,Emmett,Hagergham,ehagerghamnb@google.nl,Male,4 Harper Place,39,Free
840,Darwin,Falvey,dfalveync@netvibes.com,Male,37 Mandrake Court,24,Paid
841,Deeanne,Mainwaring,dmainwaringnd@icio.us,Female,454 Thackeray Junction,33,Paid
842,Valeda,McMackin,vmcmackinne@twitpic.com,Female,1516 Mallard Alley,21,Paid
843,Cyrille,Moriarty,cmoriartynf@canalblog.com,Male,46 Service Court,49,Free
844,Elga,Peasegood,epeasegoodng@spiegel.de,Female,05 Moulton Lane,51,Free
845,Wright,Rarity,wraritynh@rakuten.co.jp,Male,33 Eagle Crest Street,44,Free
846,Jerrome,Haggard,jhaggardni@latimes.com,Male,2 Comanche Circle,48,Free
847,Vivien,Ferryn,vferrynnj@unc.edu,Female,62310 Carey Avenue,58,Paid
848,Mitchael,Tyres,mtyresnk@house.gov,Male,34 Arkansas Park,34,Free
849,Brandice,Wanstall,bwanstallnl@edublogs.org,Female,3 Ridge Oak Park,27,Paid
850,Golda,Easman,geasmannm@wp.com,Female,2654 Main Park,36,Free
851,Lonny,Millard,lmillardnn@statcounter.com,Male,06 Shasta Terrace,55,Paid
852,Milo,Siemantel,msiemantelno@disqus.com,Male,644 Anniversary Way,24,Free
853,Oby,Burnage,oburnagenp@va.gov,Male,94 Bartelt Lane,57,Paid
854,Cris,Bartram,cbartramnq@intel.com,Female,3250 Little Fleur Road,41,Free
855,Sarita, Concannon,soconcannonnr@eventbrite.com,Female,9932 Barnett Place,51,Free
856,Dita,Shelley,dshelleyns@example.com,Female,434 Columbus Terrace,52,Paid
857,Gaye,Barfford,gbarffordnt@list-manage.com,Female,47285 Lerdahl Trail,38,Paid
858,Elwira,Vedenisov,evedenisovnu@yahoo.co.jp,Female,846 Blue Bill Park Alley,45,Paid
859,Kennett,Goldby,kgoldbynv@usa.gov,Male,277 Mayer Hill,21,Free
860,Charleen,Koenraad,ckoenraadnw@biblegateway.com,Female,08085 Cody Drive,45,Free
861,Giacopo,MacEnelly,gmacenellynx@deviantart.com,Male,347 Pierstorff Crossing,23,Free
862,Nerte,de Clercq,ndeclercqny@squidoo.com,Female,33938 Northland Street,51,Free
863,Darbie,Eborall,deborallnz@jalbum.net,Female,97582 Esch Alley,52,Free
864,Natty,Balham,nbalhamo0@examiner.com,Male,699 Redwing Lane,59,Free
865,Ermengarde,Scally,escallyo1@discovery.com,Female,3176 Anthes Alley,54,Paid
866,Penrod,Selbie,pselbieo2@businessweek.com,Male,0234 Hayes Parkway,25,Free
867,Becca,Pilfold,bpilfoldo3@samsung.com,Female,19216 Goodland Center,36,Paid
868,Donnamarie,Fairham,dfairhamo4@bloglines.com,Female,9873 Hanson Circle,46,Free
869,Loydie,Pearsall,lpearsallo5@nih.gov,Male,96 Farmco Crossing,48,Free
870,Bea,Schettini,bschettinio6@vistaprint.com,Female,993 Stone Corner Drive,41,Free
871,Mahalia,Edscer,medscero7@harvard.edu,Female,154 Southridge Road,37,Free
872,Humfrey,Bearcock,hbearcocko8@google.com,Male,7253 Mcguire Alley,51,Free
873,Harley,Uphill,huphillo9@apple.com,Male,51 Larry Trail,28,Free
874,Sandy,Winskill,swinskilloa@ow.ly,Male,242 Loftsgordon Alley,46,Paid
875,Mead,Bradshaw,mbradshawob@bloglines.com,Female,5 Duke Alley,47,Free
876,Rozalin,Priel,rprieloc@nps.gov,Female,39 Blackbird Alley,36,Free
877,Constancia,Rump,crumpod@wunderground.com,Female,1164 Barnett Plaza,54,Paid
878,Laurene,Liveley,lliveleyoe@hao123.com,Female,7201 Maple Wood Court,28,Paid
879,Tuck,Jerred,tjerredof@nih.gov,Male,753 Utah Alley,29,Free
880,Khalil,Dell Casa,kdellcasaog@de.vu,Male,0 Stone Corner Alley,37,Free
881,Bengt,Buey,bbueyoh@geocities.com,Male,46244 Kensington Terrace,41,Free
882,Elisha,Corkan,ecorkanoi@amazon.de,Male,5 Cascade Alley,59,Free
883,Sidnee,Conaghy,sconaghyoj@jugem.jp,Male,4 Park Meadow Plaza,23,Free
884,Ludovico,Greet,lgreetok@baidu.com,Male,20094 Sunnyside Trail,35,Free
885,Worth,Shackel,wshackelol@imageshack.us,Male,041 Havey Terrace,56,Free
886,Kaspar,Kunc,kkuncom@dmoz.org,Male,136 Summit Junction,38,Paid
887,Ketti,Hullett,khulletton@springer.com,Female,1312 Miller Circle,28,Free
888,Kaela,Kempe,kkempeoo@bizjournals.com,Female,24241 American Point,50,Free
889,Maynard,Von Welldun,mvonwelldunop@hao123.com,Male,610 3rd Circle,31,Free
890,Herrick,Catchpole,hcatchpoleoq@walmart.com,Male,6802 Coleman Junction,52,Free
891,Valentia,Rubin,vrubinor@blinklist.com,Female,73 Anzinger Plaza,46,Paid
892,Bev,Gove,bgoveos@si.edu,Male,8716 Warbler Center,55,Free
893,Lola,Halversen,lhalversenot@usgs.gov,Female,51 Erie Place,60,Paid
894,Beverie,Drynan,bdrynanou@weebly.com,Female,3 Sloan Drive,55,Paid
895,Joachim,Tomaino,jtomainoov@ebay.co.uk,Male,32 Hanson Circle,50,Paid
896,Aylmar,Shayler,ashaylerow@harvard.edu,Male,19308 Dakota Junction,22,Paid
897,Meaghan,deKnevet,mdeknevetox@bluehost.com,Female,10279 Arapahoe Trail,24,Paid
898,Gilda,McLinden,gmclindenoy@discuz.net,Female,04 Maple Wood Alley,27,Free
899,Blondell,Tuvey,btuveyoz@webnode.com,Female,7 Crescent Oaks Point,53,Free
900,Connie,Ney,cneyp0@liveinternet.ru,Female,08 Pleasure Junction,44,Paid
901,Montgomery,Jellico,mjellicop1@ehow.com,Male,877 Fisk Terrace,52,Free
902,Adams,Iiannone,aiiannonep2@acquirethisname.com,Male,4957 Tennessee Pass,53,Free
903,Gaylene,Ridolfo,gridolfop3@rediff.com,Female,74696 Annamark Circle,23,Paid
904,Lucretia,Oddy,loddyp4@independent.co.uk,Female,220 Loeprich Crossing,30,Paid
905,Curtis,Maycey,cmayceyp5@over-blog.com,Male,7153 Warrior Point,49,Free
906,Duncan,Badger,dbadgerp6@dot.gov,Male,6668 Burning Wood Trail,22,Free
907,Gaby,Geertje,ggeertjep7@mediafire.com,Female,5043 Westport Trail,34,Free
908,Bianca,Leinthall,bleinthallp8@ibm.com,Female,18 Melrose Place,30,Free
909,Jelene,Greatbanks,jgreatbanksp9@nih.gov,Female,6741 Atwood Court,32,Free
910,Dimitri,MacCrann,dmaccrannpa@columbia.edu,Male,859 Donald Crossing,60,Free
911,Fredek,Babbe,fbabbepb@yolasite.com,Male,48425 Gateway Hill,46,Free
912,Joyan,Surgeon,jsurgeonpc@geocities.com,Female,9 Longview Parkway,22,Paid
913,Robinson,Barling,rbarlingpd@gmpg.org,Male,87 Grayhawk Plaza,20,Paid
914,Jarrett,Marsham,jmarshampe@goo.ne.jp,Male,522 Menomonie Court,45,Paid
915,Quinn,Faustian,qfaustianpf@infoseek.co.jp,Male,089 Fairview Road,21,Paid
916,Nikolos,Gait,ngaitpg@chicagotribune.com,Male,2482 Maple Wood Junction,25,Free
917,Martelle,Sygroves,msygrovesph@mlb.com,Female,8 Moland Alley,46,Paid
918,Jody,Simenel,jsimenelpi@admin.ch,Female,81282 Delaware Pass,26,Free
919,Ray,Gounot,rgounotpj@huffingtonpost.com,Female,27 Carberry Plaza,55,Free
920,Archie,Rickards,arickardspk@ted.com,Male,78712 Garrison Drive,43,Paid
921,Derrik,Fonso,dfonsopl@uol.com.br,Male,38291 Claremont Parkway,37,Paid
922,Tris,Harback,tharbackpm@google.it,Male,863 Barby Trail,30,Free
923,Adi,Imlacke,aimlackepn@washington.edu,Female,02 Sherman Road,30,Paid
924,Flossie,Tooke,ftookepo@nyu.edu,Female,781 Rutledge Trail,23,Free
925,Sylvester,Gawen,sgawenpp@storify.com,Male,6020 Wayridge Road,45,Paid
926,Miller,Tyne,mtynepq@desdev.cn,Male,2 Blue Bill Park Drive,22,Paid
927,Binni,Weson,bwesonpr@mashable.com,Female,34945 Vahlen Trail,20,Free
928,Walt,Burehill,wburehillps@ucoz.ru,Male,018 Clarendon Plaza,46,Free
929,Jill,Copestake,jcopestakept@umn.edu,Female,6 Burning Wood Hill,24,Paid
930,Cosmo,Michele,cmichelepu@marketwatch.com,Male,2676 Norway Maple Junction,54,Free
931,Hardy,Shoutt,hshouttpv@google.fr,Male,914 Scott Way,33,Free
932,Ethelyn,Jelk,ejelkpw@google.nl,Female,830 Ridgeway Point,60,Paid
933,Arabel,Anthill,aanthillpx@ft.com,Female,2 Orin Junction,33,Paid
934,Jenilee,Widocks,jwidockspy@scribd.com,Female,18252 Tony Avenue,39,Paid
935,Thomas,Gouley,tgouleypz@earthlink.net,Male,0 Crownhardt Hill,21,Paid
936,Demetris,McCrory,dmccroryq0@nydailynews.com,Male,0 Fremont Circle,30,Paid
937,Cordelie,Mawtus,cmawtusq1@tiny.cc,Female,1834 Waywood Way,25,Free
938,Remington,Gurley,rgurleyq2@mayoclinic.com,Male,678 Warner Lane,42,Free
939,Zelda,Vango,zvangoq3@dell.com,Female,729 Tony Center,30,Free
940,Rene,Ivakhno,rivakhnoq4@ftc.gov,Male,62227 Veith Point,36,Free
941,Ange,Oglethorpe,aoglethorpeq5@nationalgeographic.com,Male,104 Buhler Road,40,Free
942,Granger,Plaice,gplaiceq6@nasa.gov,Male,6 Onsgard Circle,42,Free
943,Jyoti,Innes,jinnesq7@alibaba.com,Female,5 Summerview Junction,53,Paid
944,Tonnie,Handy,thandyq8@ed.gov,Male,27480 Montana Junction,50,Free
945,Thurston,Hanscom,thanscomq9@springer.com,Male,1078 Londonderry Plaza,58,Free
946,Paddie,Jenson,pjensonqa@cdc.gov,Male,36672 Moose Terrace,54,Paid
947,Elsinore,Mair,emairqb@mail.ru,Female,169 Anthes Drive,44,Paid
948,Nolan,Orrick,norrickqc@businessinsider.com,Male,1 Clyde Gallagher Court,48,Free
949,Dun,Craigmyle,dcraigmyleqd@ifeng.com,Male,78599 Harper Point,44,Free
950,Rebeca,Varrow,rvarrowqe@discovery.com,Female,3489 Riverside Plaza,44,Paid
951,Erek,Gravenor,egravenorqf@netscape.com,Male,35 Pankratz Hill,27,Free
952,Filip,Gallafant,fgallafantqg@instagram.com,Male,75 Pankratz Point,43,Free
953,Irita,Whyborn,iwhybornqh@youtu.be,Female,10 Independence Circle,26,Paid
954,Luz,Wettern,lwetternqi@barnesandnoble.com,Female,0 Forest Dale Alley,27,Free
955,Cornall,Gaitskell,cgaitskellqj@taobao.com,Male,70 Badeau Alley,46,Paid
956,Beverie,Barrass,bbarrassqk@homestead.com,Female,98723 Garrison Alley,41,Paid
957,Roland,De LIsle,rdelisleql@ox.ac.uk,Male,25 Dorton Avenue,39,Free
958,Raven,Stubbert,rstubbertqm@people.com.cn,Female,0 Grim Street,53,Free
959,Earl,Petegrew,epetegrewqn@illinois.edu,Male,49 Mosinee Junction,43,Free
960,Merrill,Gratton,mgrattonqo@whitehouse.gov,Female,0124 Spenser Pass,41,Free
961,Vasily,Schimann,vschimannqp@cargocollective.com,Male,035 Kedzie Crossing,51,Free
962,Scottie,Freeborne,sfreeborneqq@barnesandnoble.com,Male,37209 Sherman Avenue,33,Free
963,Thane,Trewett,ttrewettqr@cafepress.com,Male,43566 Cottonwood Hill,45,Paid
964,Ricky,Pollett,rpollettqs@hibu.com,Female,6 Banding Park,50,Free
965,Reinhard,Fishburn,rfishburnqt@cisco.com,Male,97088 Boyd Hill,32,Free
966,Evangelina,De Laci,edelaciqu@csmonitor.com,Female,7 Briar Crest Trail,44,Paid
967,Oralie,Hughesdon,ohughesdonqv@adobe.com,Female,2 Blackbird Place,56,Free
968,Mabel,Reedie,mreedieqw@miibeian.gov.cn,Female,7189 Arrowood Place,38,Free
969,Lyon,Orpen,lorpenqx@businesswire.com,Male,26611 Magdeline Avenue,57,Paid
970,Mersey,Gaitskell,mgaitskellqy@i2i.jp,Female,2 Village Green Terrace,29,Paid
971,Lenora,MacDuffie,lmacduffieqz@slate.com,Female,83685 Redwing Avenue,27,Paid
972,Saree,Mizzen,smizzenr0@wufoo.com,Female,1 Pankratz Terrace,39,Paid
973,Vassily,Gagen,vgagenr1@earthlink.net,Male,79055 Jackson Place,57,Free
974,Ruthe,Goulston,rgoulstonr2@dion.ne.jp,Female,065 Northview Plaza,55,Free
975,Dannye,Braunton,dbrauntonr3@smugmug.com,Female,94263 Coolidge Place,22,Free
976,Weider,Peotz,wpeotzr4@netscape.com,Male,164 Dennis Way,24,Free
977,Nanny,Davidowich,ndavidowichr5@rediff.com,Female,69912 Sunnyside Crossing,25,Free
978,Frannie,Cyseley,fcyseleyr6@1688.com,Male,4 Cody Center,48,Free
979,Janaye,Yashunin,jyashuninr7@msu.edu,Female,41 Loomis Road,57,Paid
980,Aila,Jencey,ajenceyr8@loc.gov,Female,300 Dunning Point,55,Paid
981,Marcie,Gormally,mgormallyr9@jiathis.com,Female,21954 4th Court,33,Paid
982,Ilse,Scoles,iscolesra@noaa.gov,Female,3 Graceland Way,30,Paid
983,Jodie,Titterell,jtitterellrb@tumblr.com,Female,90 Myrtle Crossing,34,Paid
984,Mirella,Osburn,mosburnrc@wikispaces.com,Female,0 Birchwood Parkway,26,Paid
985,Cosette,Carney,ccarneyrd@blogspot.com,Female,4 Derek Avenue,52,Paid
986,Kimmie,Vassay,kvassayre@drupal.org,Female,3 Swallow Avenue,45,Paid
987,Moore,Shapero,mshaperorf@over-blog.com,Male,62079 Carberry Road,58,Free
988,Rakel,Hawtin,rhawtinrg@state.gov,Female,05815 Old Shore Terrace,20,Paid
989,Kelci,Millican,kmillicanrh@stumbleupon.com,Female,2 Dovetail Circle,59,Free
990,Kendre,Worters,kwortersri@examiner.com,Female,2740 Roxbury Place,58,Paid
991,Liuka,Crat,lcratrj@blogspot.com,Female,61175 Welch Terrace,41,Paid
992,Bernhard,Hugin,bhuginrk@deliciousdays.com,Male,3 Jenifer Avenue,31,Paid
993,Eward,Giddens,egiddensrl@uol.com.br,Male,02272 Westridge Point,46,Free
994,Clarita,Brozsset,cbrozssetrm@weather.com,Female,2610 Namekagon Point,38,Paid
995,Pepito,Clemes,pclemesrn@quantcast.com,Male,67125 Mesta Plaza,47,Paid
996,Margarethe,Musico,mmusicoro@sourceforge.net,Female,2361 Summit Drive,31,Free
997,Ryan,Ellingworth,rellingworthrp@symantec.com,Male,273 Prairie Rose Road,29,Paid
998,Jacques,Chazelas,jchazelasrq@boston.com,Male,74964 Sage Avenue,36,Free
999,Schuyler,Bedham,sbedhamrr@smh.com.au,Male,99 Pennsylvania Lane,22,Paid
